t,sharp_tail,regularized_tail,crossing_indicator
0.55,0.000526601592039959,0.000526601592039959,0.0
0.55018,0.0005263937646049064,0.0005263937646049064,0.0
0.5503600000000001,0.0005261874558629659,0.0005261874558629659,0.0
0.55054,0.0005259826645185942,0.0005259826645185942,0.0
0.5507200000000001,0.0005257793892766952,0.0005257793892766952,0.0
0.5509000000000001,0.0005255776288425521,0.0005255776288425521,0.0
0.55108,0.0005253773819218599,0.0005253773819218599,0.0
0.5512600000000001,0.0005251786472207694,0.0005251786472207694,0.0
0.55144,0.0005249814234458008,0.0005249814234458008,0.0
0.55162,0.0005247857093039031,0.0005247857093039031,0.0
0.5518000000000001,0.0005245915035024227,0.0005245915035024227,0.0
0.55198,0.0005243988047491137,0.0005243988047491137,0.0
0.5521600000000001,0.0005242076117521645,0.0005242076117521645,0.0
0.55234,0.0005240179232200991,0.0005240179232200991,0.0
0.55252,0.0005238297378619055,0.0005238297378619055,0.0
0.5527000000000001,0.0005236430543869508,0.0005236430543869508,0.0
0.55288,0.0005234578715050047,0.0005234578715050047,0.0
0.55306,0.000523274187926214,0.000523274187926214,0.0
0.5532400000000001,0.0005230920023611314,0.0005230920023611314,0.0
0.55342,0.0005229113135207051,0.0005229113135207051,0.0
0.5536000000000001,0.0005227321201162914,0.0005227321201162914,0.0
0.55378,0.0005225544208596141,0.0005225544208596141,0.0
0.55396,0.0005223782144627787,0.0005223782144627787,0.0
0.5541400000000001,0.0005222034996382796,0.0005222034996382796,0.0
0.55432,0.0005220302750990197,0.0005220302750990197,0.0
0.5545,0.0005218585395582676,0.0005218585395582676,0.0
0.5546800000000001,0.0005216882917296746,0.0005216882917296746,0.0
0.55486,0.0005215195303272542,0.0005215195303272542,0.0
0.5550400000000001,0.0005213522540654262,0.0005213522540654262,0.0
0.55522,0.0005211864616589642,0.0005211864616589642,0.0
0.5554,0.0005210221518230326,0.0005210221518230326,0.0
0.5555800000000001,0.0005208593232731575,0.0005208593232731575,0.0
0.55576,0.0005206979747252466,0.0005206979747252466,0.0
0.55594,0.0005205381048955509,0.0005205381048955509,0.0
0.5561200000000001,0.000520379712500721,0.000520379712500721,0.0
0.5563,0.0005202227962577308,0.0005202227962577308,0.0
0.5564800000000001,0.0005200673548839662,0.0005200673548839662,0.0
0.55666,0.0005199133870971387,0.0005199133870971387,0.0
0.55684,0.0005197608916153458,0.0005197608916153458,0.0
0.5570200000000001,0.0005196098671570046,0.0005196098671570046,0.0
0.5572,0.0005194603124409478,0.0005194603124409478,0.0
0.5573800000000001,0.0005193122261862936,0.0005193122261862936,0.0
0.5575600000000001,0.0005191656071125406,0.0005191656071125406,0.0
0.55774,0.0005190204539395725,0.0005190204539395725,0.0
0.5579200000000001,0.0005188767653875688,0.0005188767653875688,0.0
0.5581,0.0005187345401770841,0.0005187345401770841,0.0
0.55828,0.0005185937770290196,0.0005185937770290196,0.0
0.5584600000000001,0.000518454474664586,0.000518454474664586,0.0
0.55864,0.000518316631805384,0.000518316631805384,0.0
0.5588200000000001,0.0005181802471733142,0.0005181802471733142,0.0
0.559,0.0005180453194906473,0.0005180453194906473,0.0
0.55918,0.000517911847479938,0.000517911847479938,0.0
0.5593600000000001,0.0005177798298641599,0.0005177798298641599,0.0
0.55954,0.0005176492653665065,0.0005176492653665065,0.0
0.55972,0.0005175201527105876,0.0005175201527105876,0.0
0.5599000000000001,0.0005173924906203109,0.0005173924906203109,0.0
0.56008,0.0005172662778199015,0.0005172662778199015,0.0
0.5602600000000001,0.0005171415130339318,0.0005171415130339318,0.0
0.56044,0.0005170181949872601,0.0005170181949872601,0.0
0.56062,0.000516896322405091,0.000516896322405091,0.0
0.5608000000000001,0.0005167758940129649,0.0005167758940129649,0.0
0.56098,0.0005166569085366657,0.0005166569085366657,0.0
0.56116,0.0005165393647023696,0.0005165393647023696,0.0
0.5613400000000001,0.0005164232612365279,0.0005164232612365279,0.0
0.56152,0.0005163085968658762,0.0005163085968658762,0.0
0.5617000000000001,0.0005161953703175331,0.0005161953703175331,0.0
0.56188,0.0005160835803188293,0.0005160835803188293,0.0
0.56206,0.0005159732255974704,0.0005159732255974704,0.0
0.5622400000000001,0.0005158643048814518,0.0005158643048814518,0.0
0.56242,0.0005157568168990083,0.0005157568168990083,0.0
0.5626,0.0005156507603787413,0.0005156507603787413,0.0
0.5627800000000001,0.0005155461340495184,0.0005155461340495184,0.0
0.56296,0.0005154429366404968,0.0005154429366404968,0.0
0.5631400000000001,0.0005153411668811414,0.0005153411668811414,0.0
0.56332,0.000515240823501179,0.000515240823501179,0.0
0.5635,0.0005151419052306505,0.0005151419052306505,0.0
0.5636800000000001,0.0005150444107998612,0.0005150444107998612,0.0
0.56386,0.0005149483389394004,0.0005149483389394004,0.0
0.5640400000000001,0.0005148536883801428,0.0005148536883801428,0.0
0.56422,0.0005147604578532559,0.0005147604578532559,0.0
0.5644,0.0005146686460901336,0.0005146686460901336,0.0
0.5645800000000001,0.0005145782518224941,0.0005145782518224941,0.0
0.56476,0.0005144892737822922,0.0005144892737822922,0.0
0.56494,0.0005144017107017806,0.0005144017107017806,0.0
0.5651200000000001,0.000514315561313465,0.000514315561313465,0.0
0.5653,0.0005142308243500969,0.0005142308243500969,0.0
0.5654800000000001,0.0005141474985447293,0.0005141474985447293,0.0
0.56566,0.0005140655826306348,0.0005140655826306348,0.0
0.56584,0.0005139850753413556,0.0005139850753413556,0.0
0.5660200000000001,0.0005139059754106948,0.0005139059754106948,0.0
0.5662,0.0005138282815727234,0.0005138282815727234,0.0
0.56638,0.0005137519925617208,0.0005137519925617208,0.0
0.5665600000000001,0.0005136771071122586,0.0005136771071122586,0.0
0.56674,0.0005136036239591327,0.0005136036239591327,0.0
0.5669200000000001,0.0005135315418373813,0.0005135315418373813,0.0
0.5671,0.0005134608594822808,0.0005134608594822808,0.0
0.56728,0.0005133915756293457,0.0005133915756293457,0.0
0.5674600000000001,0.000513323689014367,0.000513323689014367,0.0
0.56764,0.0005132571983732996,0.0005132571983732996,0.0
0.56782,0.000513192102442373,0.000513192102442373,0.0
0.5680000000000001,0.0005131283999580549,0.0005131283999580549,0.0
0.56818,0.0005130660896570065,0.0005130660896570065,0.0
0.5683600000000001,0.0005130051702761164,0.0005130051702761164,0.0
0.56854,0.0005129456405525704,0.0005129456405525704,0.0
0.56872,0.0005128874992236297,0.0005128874992236297,0.0
0.5689000000000001,0.0005128307450269132,0.0005128307450269132,0.0
0.56908,0.0005127753767001665,0.0005127753767001665,0.0
0.5692600000000001,0.0005127213929813904,0.0005127213929813904,0.0
0.5694400000000001,0.0005126687926087634,0.0005126687926087634,0.0
0.56962,0.0005126175743206984,0.0005126175743206984,0.0
0.5698000000000001,0.0005125677368558062,0.0005125677368558062,0.0
0.56998,0.0005125192789528652,0.0005125192789528652,0.0
0.57016,0.0005124721993509201,0.0005124721993509201,0.0
0.5703400000000001,0.0005124264967891578,0.0005124264967891578,0.0
0.57052,0.0005123821700069817,0.0005123821700069817,0.0
0.5707000000000001,0.0005123392177439606,0.0005123392177439606,0.0
0.57088,0.0005122976387398815,0.0005122976387398815,0.0
0.57106,0.000512257431734725,0.000512257431734725,0.0
0.5712400000000001,0.0005122185954686087,0.0005122185954686087,0.0
0.57142,0.0005121811286818946,0.0005121811286818946,0.0
0.5716,0.0005121450301150446,0.0005121450301150446,0.0
0.5717800000000001,0.0005121102985087772,0.0005121102985087772,0.0
0.57196,0.0005120769326039423,0.0005120769326039423,0.0
0.5721400000000001,0.0005120449311415523,0.0005120449311415523,0.0
0.57232,0.0005120142928627903,0.0005120142928627903,0.0
0.5725,0.0005119850165090311,0.0005119850165090311,0.0
0.5726800000000001,0.0005119571008217863,0.0005119571008217863,0.0
0.57286,0.000511930544542745,0.000511930544542745,0.0
0.57304,0.0005119053464137189,0.0005119053464137189,0.0
0.5732200000000001,0.0005118815051767021,0.0005118815051767021,0.0
0.5734,0.0005118590195738603,0.0005118590195738603,0.0
0.5735800000000001,0.000511837888347444,0.000511837888347444,0.0
0.57376,0.0005118181102398848,0.0005118181102398848,0.0
0.57394,0.0005117996839937937,0.0005117996839937937,0.0
0.5741200000000001,0.0005117826083518616,0.0005117826083518616,0.0
0.5743,0.0005117668820569327,0.0005117668820569327,0.0
0.57448,0.0005117525038519962,0.0005117525038519962,0.0
0.5746600000000001,0.0005117394724801852,0.0005117394724801852,0.0
0.57484,0.0005117277866847163,0.0005117277866847163,0.0
0.5750200000000001,0.0005117174452089785,0.0005117174452089785,0.0
0.5752,0.0005117084467964306,0.0005117084467964306,0.0
0.57538,0.0005117007901907242,0.0005117007901907242,0.0
0.5755600000000001,0.0005116944741355661,0.0005116944741355661,0.0
0.57574,0.0005116894973747913,0.0005116894973747913,0.0
0.57592,0.0005116858586523594,0.0005116858586523594,0.0
0.5761000000000001,0.0005116835567123163,0.0005116835567123163,0.0
0.57628,0.0005116825902988425,0.0005116825902988425,0.0
0.5764600000000001,0.0005116829581561595,0.0005116829581561595,0.0
0.57664,0.0005116846590286666,0.0005116846590286666,0.0
0.57682,0.0005116876916608125,0.0005116876916608125,0.0
0.5770000000000001,0.0005116920547971465,0.0005116920547971465,0.0
0.57718,0.0005116977471822895,0.0005116977471822895,0.0
0.5773600000000001,0.0005117047675609594,0.0005117047675609594,0.0
0.57754,0.0005117131146779891,0.0005117131146779891,0.0
0.57772,0.0005117227872782283,0.0005117227872782283,0.0
0.5779000000000001,0.0005117337841066677,0.0005117337841066677,0.0
0.57808,0.0005117461039083274,0.0005117461039083274,0.0
0.57826,0.0005117597454283107,0.0005117597454283107,0.0
0.5784400000000001,0.0005117747074117882,0.0005117747074117882,0.0
0.57862,0.0005117909886039877,0.0005117909886039877,0.0
0.5788000000000001,0.0005118085877502149,0.0005118085877502149,0.0
0.57898,0.0005118275035958196,0.0005118275035958196,0.0
0.57916,0.0005118477348861906,0.0005118477348861906,0.0
0.5793400000000001,0.0005118692803668032,0.0005118692803668032,0.0
0.57952,0.00051189213878312,0.00051189213878312,0.0
0.5797,0.0005119163088807346,0.0005119163088807346,0.0
0.5798800000000001,0.0005119417894052147,0.0005119417894052147,0.0
0.58006,0.0005119685791021723,0.0005119685791021723,0.0
0.5802400000000001,0.0005119966767172733,0.0005119966767172733,0.0
0.58042,0.0005120260809961985,0.0005120260809961985,0.0
0.5806,0.0005120567906846508,0.0005120567906846508,0.0
0.5807800000000001,0.0005120888045283888,0.0005120888045283888,0.0
0.58096,0.0005121221212731657,0.0005121221212731657,0.0
0.58114,0.0005121567396647389,0.0005121567396647389,0.0
0.5813200000000001,0.0005121926584488983,0.0005121926584488983,0.0
0.5815,0.0005122298763714446,0.0005122298763714446,0.0
0.5816800000000001,0.0005122683921781555,0.0005122683921781555,0.0
0.58186,0.0005123082046148636,0.0005123082046148636,0.0
0.58204,0.0005123493124273589,0.0005123493124273589,0.0
0.5822200000000001,0.0005123917143614217,0.0005123917143614217,0.0
0.5824,0.0005124354091628655,0.0005124354091628655,0.0
0.5825800000000001,0.0005124803955774451,0.0005124803955774451,0.0
0.5827600000000001,0.0005125266723509269,0.0005125266723509269,0.0
0.58294,0.0005125742382290474,0.0005125742382290474,0.0
0.5831200000000001,0.0005126230919575384,0.0005126230919575384,0.0
0.5833,0.0005126732322820716,0.0005126732322820716,0.0
0.58348,0.0005127246579483105,0.0005127246579483105,0.0
0.5836600000000001,0.0005127773677018852,0.0005127773677018852,0.0
0.58384,0.0005128313602883808,0.0005128313602883808,0.0
0.58402,0.0005128866344533232,0.0005128866344533232,0.0
0.5842,0.0005129431889422308,0.0005129431889422308,0.0
0.58438,0.0005130010225005542,0.0005130010225005542,0.0
0.5845600000000001,0.0005130601338736749,0.0005130601338736749,0.0
0.58474,0.0005131205218069465,0.0005131205218069465,0.0
0.58492,0.0005131821850456252,0.0005131821850456252,0.0
0.5851000000000001,0.0005132451223349465,0.0005132451223349465,0.0
0.58528,0.0005133093324200554,0.0005133093324200554,0.0
0.5854600000000001,0.0005133748140459915,0.0005133748140459915,0.0
0.58564,0.0005134415659577656,0.0005134415659577656,0.0
0.58582,0.0005135095869002865,0.0005135095869002865,0.0
0.5860000000000001,0.0005135788756183886,0.0005135788756183886,0.0
0.58618,0.0005136494308567832,0.0005136494308567832,0.0
0.58636,0.0005137212513601617,0.0005137212513601617,0.0
0.5865400000000001,0.0005137943358730191,0.0005137943358730191,0.0
0.58672,0.0005138686831398459,0.0005138686831398459,0.0
0.5869000000000001,0.0005139442919049472,0.0005139442919049472,0.0
0.58708,0.0005140211609125702,0.0005140211609125702,0.0
0.58726,0.0005140992889068193,0.0005140992889068193,0.0
0.5874400000000001,0.0005141786746317139,0.0005141786746317139,0.0
0.58762,0.0005142593168311138,0.0005142593168311138,0.0
0.5878,0.0005143412142487687,0.0005143412142487687,0.0
0.5879800000000001,0.0005144243656283171,0.0005144243656283171,0.0
0.58816,0.000514508769713216,0.000514508769713216,0.0
0.5883400000000001,0.0005145944252468323,0.0005145944252468323,0.0
0.58852,0.0005146813309723376,0.0005146813309723376,0.0
0.5887,0.0005147694856328078,0.0005147694856328078,0.0
0.5888800000000001,0.0005148588879711339,0.0005148588879711339,0.0
0.58906,0.000514949536730064,0.000514949536730064,0.0
0.58924,0.0005150414306521731,0.0005150414306521731,0.0
0.58942,0.0005151345684798866,0.0005151345684798866,0.0
0.5896,0.0005152289489554292,0.0005152289489554292,0.0
0.5897800000000001,0.0005153245708209044,0.0005153245708209044,0.0
0.58996,0.0005154214328181634,0.0005154214328181634,0.0
0.59014,0.0005155195336889307,0.0005155195336889307,0.0
0.5903200000000001,0.0005156188721747441,0.0005156188721747441,0.0
0.5905,0.0005157194470168877,0.0005157194470168877,0.0
0.5906800000000001,0.0005158212569565223,0.0005158212569565223,0.0
0.59086,0.0005159243007345486,0.0005159243007345486,0.0
0.59104,0.0005160285770916933,0.0005160285770916933,0.0
0.5912200000000001,0.0005161340847684695,0.0005161340847684695,0.0
0.5914,0.0005162408225051523,0.0005162408225051523,0.0
0.59158,0.0005163487890418271,0.0005163487890418271,0.0
0.5917600000000001,0.0005164579831183061,0.0005164579831183061,0.0
0.59194,0.0005165684034742201,0.0005165684034742201,0.0
0.5921200000000001,0.000516680048848918,0.000516680048848918,0.0
0.5923,0.0005167929179815476,0.0005167929179815476,0.0
0.59248,0.0005169070096109978,0.0005169070096109978,0.0
0.5926600000000001,0.0005170223224759009,0.0005170223224759009,0.0
0.59284,0.0005171388553146311,0.0005171388553146311,0.0
0.59302,0.0005172566068653353,0.0005172566068653353,0.0
0.5932000000000001,0.0005173755758658097,0.0005173755758658097,0.0
0.59338,0.0005174957610536744,0.0005174957610536744,0.0
0.5935600000000001,0.0005176171611662209,0.0005176171611662209,0.0
0.59374,0.0005177397749404854,0.0005177397749404854,0.0
0.59392,0.0005178636011131975,0.0005178636011131975,0.0
0.5941000000000001,0.0005179886384208031,0.0005179886384208031,0.0
0.59428,0.0005181148855994413,0.0005181148855994413,0.0
0.59446,0.0005182423413849789,0.0005182423413849789,0.0
0.5946400000000001,0.0005183710045129625,0.0005183710045129625,0.0
0.59482,0.0005185008737185955,0.0005185008737185955,0.0
0.5950000000000001,0.0005186319477368073,0.0005186319477368073,0.0
0.59518,0.0005187642253021516,0.0005187642253021516,0.0
0.59536,0.000518897705148917,0.000518897705148917,0.0
0.5955400000000001,0.000519032386011028,0.000519032386011028,0.0
0.59572,0.0005191682666220686,0.0005191682666220686,0.0
0.5959000000000001,0.0005193053457152536,0.0005193053457152536,0.0
0.59608,0.0005194436220234881,0.0005194436220234881,0.0
0.59626,0.0005195830942792865,0.0005195830942792865,0.0
0.5964400000000001,0.00051972376121485,0.00051972376121485,0.0
0.59662,0.0005198656215619905,0.0005198656215619905,0.0
0.5968,0.0005200086740520868,0.0005200086740520868,0.0
0.5969800000000001,0.0005201529174162161,0.0005201529174162161,0.0
0.59716,0.0005202983503850659,0.0005202983503850659,0.0
0.59734,0.0005204449716888749,0.0005204449716888749,0.0
0.59752,0.0005205927800575479,0.0005205927800575479,0.0
0.5977,0.0005207417742205508,0.0005207417742205508,0.0
0.5978800000000001,0.0005208919529069578,0.0005208919529069578,0.0
0.59806,0.0005210433148454465,0.0005210433148454465,0.0
0.59824,0.0005211958587642276,0.0005211958587642276,0.0
0.5984200000000001,0.0005213495833911163,0.0005213495833911163,0.0
0.5986,0.0005215044874535066,0.0005215044874535066,0.0
0.5987800000000001,0.0005216605696783313,0.0005216605696783313,0.0
0.59896,0.0005218178287920866,0.0005218178287920866,0.0
0.59914,0.0005219762635208356,0.0005219762635208356,0.0
0.5993200000000001,0.0005221358725901672,0.0005221358725901672,0.0
0.5995,0.0005222966547251875,0.0005222966547251875,0.0
0.59968,0.0005224586086505917,0.0005224586086505917,0.0
0.5998600000000001,0.0005226217330905498,0.0005226217330905498,0.0
0.60004,0.0005227860267687985,0.0005227860267687985,0.0
0.6002200000000001,0.0005229514884084994,0.0005229514884084994,0.0
0.6004,0.0005231181167324493,0.0005231181167324493,0.0
0.60058,0.0005232859104628208,0.0005232859104628208,0.0
0.6007600000000001,0.0005234548683213469,0.0005234548683213469,0.0
0.60094,0.0005236249890292527,0.0005236249890292527,0.0
0.6011200000000001,0.0005237962713072024,0.0005237962713072024,0.0
0.6013000000000001,0.0005239687138753717,0.0005239687138753717,0.0
0.60148,0.0005241423154533769,0.0005241423154533769,0.0
0.6016600000000001,0.0005243170747603242,0.0005243170747603242,0.0
0.60184,0.0005244929905147313,0.0005244929905147313,0.0
0.60202,0.0005246700614345958,0.0005246700614345958,0.0
0.6022000000000001,0.0005248482862373699,0.0005248482862373699,0.0
0.60238,0.0005250276636398957,0.0005250276636398957,0.0
0.60256,0.0005252081923584665,0.0005252081923584665,0.0
0.60274,0.0005253898711087839,0.0005253898711087839,0.0
0.60292,0.0005255726986059935,0.0005255726986059935,0.0
0.6031000000000001,0.0005257566735645947,0.0005257566735645947,0.0
0.60328,0.0005259417946985453,0.0005259417946985453,0.0
0.60346,0.000526128060721128,0.000526128060721128,0.0
0.6036400000000001,0.0005263154703451038,0.0005263154703451038,0.0
0.60382,0.0005265040222824858,0.0005265040222824858,0.0
0.6040000000000001,0.0005266937152447867,0.0005266937152447867,0.0
0.60418,0.0005268845479427648,0.0005268845479427648,0.0
0.60436,0.0005270765190866103,0.0005270765190866103,0.0
0.6045400000000001,0.0005272696273858747,0.0005272696273858747,0.0
0.60472,0.0005274638715493693,0.0005274638715493693,0.0
0.6049,0.0005276592502853047,0.0005276592502853047,0.0
0.6050800000000001,0.0005278557623012009,0.0005278557623012009,0.0
0.60526,0.0005280534063039152,0.0005280534063039152,0.0
0.6054400000000001,0.0005282521809995455,0.0005282521809995455,0.0
0.60562,0.0005284520850935962,0.0005284520850935962,0.0
0.6058,0.0005286531172907666,0.0005286531172907666,0.0
0.6059800000000001,0.0005288552762951095,0.0005288552762951095,0.0
0.60616,0.0005290585608099475,0.0005290585608099475,0.0
0.60634,0.0005292629695378858,0.0005292629695378858,0.0
0.6065200000000001,0.000529468501180711,0.000529468501180711,0.0
0.6067,0.0005296751544396123,0.0005296751544396123,0.0
0.6068800000000001,0.0005298829280148732,0.0005298829280148732,0.0
0.60706,0.0005300918206061295,0.0005300918206061295,0.0
0.60724,0.0005303018309122016,0.0005303018309122016,0.0
0.6074200000000001,0.0005305129576311389,0.0005305129576311389,0.0
0.6076,0.000530725199460203,0.000530725199460203,0.0
0.60778,0.0005309385550958983,0.0005309385550958983,0.0
0.6079600000000001,0.0005311530232338716,0.0005311530232338716,0.0
0.60814,0.0005313686025689968,0.0005313686025689968,0.0
0.6083200000000001,0.000531585291795332,0.000531585291795332,0.0
0.6085,0.000531803089606104,0.000531803089606104,0.0
0.60868,0.0005320219946936864,0.0005320219946936864,0.0
0.6088600000000001,0.0005322420057496478,0.0005322420057496478,0.0
0.60904,0.0005324631214646828,0.0005324631214646828,0.0
0.6092200000000001,0.0005326853405286,0.0005326853405286,0.0
0.6094,0.0005329086616304079,0.0005329086616304079,0.0
0.60958,0.0005331330834581651,0.0005331330834581651,0.0
0.6097600000000001,0.0005333586046990936,0.0005333586046990936,0.0
0.60994,0.0005335852240395062,0.0005335852240395062,0.0
0.61012,0.0005338129401647853,0.0005338129401647853,0.0
0.6103000000000001,0.0005340417517594534,0.0005340417517594534,0.0
0.61048,0.0005342716575070492,0.0005342716575070492,0.0
0.61066,0.0005345026560902463,0.0005345026560902463,0.0
0.61084,0.0005347347461907149,0.0005347347461907149,0.0
0.61102,0.0005349679264892186,0.0005349679264892186,0.0
0.6112000000000001,0.0005352021956655357,0.0005352021956655357,0.0
0.61138,0.0005354375523984961,0.0005354375523984961,0.0
0.61156,0.000535673995365967,0.000535673995365967,0.0
0.6117400000000001,0.0005359115232447625,0.0005359115232447625,0.0
0.61192,0.0005361501347107613,0.0005361501347107613,0.0
0.6121000000000001,0.0005363898284388204,0.0005363898284388204,0.0
0.61228,0.0005366306031027809,0.0005366306031027809,0.0
0.61246,0.000536872457375447,0.000536872457375447,0.0
0.6126400000000001,0.0005371153899286079,0.0005371153899286079,0.0
0.61282,0.0005373593994329699,0.0005373593994329699,0.0
0.613,0.0005376044845582388,0.0005376044845582388,0.0
0.6131800000000001,0.0005378506439730019,0.0005378506439730019,0.0
0.61336,0.0005380978763448129,0.0005380978763448129,0.0
0.6135400000000001,0.0005383461803401127,0.0005383461803401127,0.0
0.61372,0.000538595554624247,0.000538595554624247,0.0
0.6139,0.0005388459978614996,0.0005388459978614996,0.0
0.6140800000000001,0.0005390975087149392,0.0005390975087149392,0.0
0.61426,0.0005393500858466394,0.0005393500858466394,0.0
0.6144400000000001,0.0005396037279174167,0.0005396037279174167,0.0
0.61462,0.000539858433587032,0.000539858433587032,0.0
0.6148,0.0005401142015140295,0.0005401142015140295,0.0
0.6149800000000001,0.0005403710303557879,0.0005403710303557879,0.0
0.61516,0.0005406289187685486,0.0005406289187685486,0.0
0.61534,0.0005408878654073315,0.0005408878654073315,0.0
0.6155200000000001,0.0005411478689259319,0.0005411478689259319,0.0
0.6157,0.0005414089279769986,0.0005414089279769986,0.0
0.61588,0.0005416710412118944,0.0005416710412118944,0.0
0.61606,0.000541934207280771,0.000541934207280771,0.0
0.61624,0.000542198424832539,0.000542198424832539,0.0
0.6164200000000001,0.000542463692514862,0.000542463692514862,0.0
0.6166,0.0005427300089741226,0.0005427300089741226,0.0
0.61678,0.0005429973728553777,0.0005429973728553777,0.0
0.6169600000000001,0.0005432657828025056,0.0005432657828025056,0.0
0.61714,0.0005435352374579713,0.0005435352374579713,0.0
0.6173200000000001,0.000543805735462954,0.000543805735462954,0.0
0.6175,0.0005440772754573648,0.0005440772754573648,0.0
0.61768,0.0005443498560797112,0.0005443498560797112,0.0
0.6178600000000001,0.0005446234759671712,0.0005446234759671712,0.0
0.61804,0.0005448981337555987,0.0005448981337555987,0.0
0.61822,0.0005451738280794018,0.0005451738280794018,0.0
0.6184000000000001,0.0005454505575716302,0.0005454505575716302,0.0
0.61858,0.0005457283208639875,0.0005457283208639875,0.0
0.61876,0.000546007116586698,0.000546007116586698,0.0
0.61894,0.0005462869433685796,0.0005462869433685796,0.0
0.61912,0.0005465677998370504,0.0005465677998370504,0.0
0.6193000000000001,0.000546849684618039,0.000546849684618039,0.0
0.61948,0.0005471325963360447,0.0005471325963360447,0.0
0.6196600000000001,0.0005474165336140598,0.0005474165336140598,0.0
0.6198400000000001,0.0005477014950736226,0.0005477014950736226,0.0
0.62002,0.0005479874793347599,0.0005479874793347599,0.0
0.6202000000000001,0.0005482744850160041,0.0005482744850160041,0.0
0.62038,0.0005485625107343055,0.0005485625107343055,0.0
0.62056,0.0005488515551051377,0.0005488515551051377,0.0
0.6207400000000001,0.0005491416167424171,0.0005491416167424171,0.0
0.62092,0.0005494326942584519,0.0005494326942584519,0.0
0.6211,0.0005497247862640411,0.0005497247862640411,0.0
0.62128,0.0005500178913683085,0.0005500178913683085,0.0
0.62146,0.0005503120081788316,0.0005503120081788316,0.0
0.6216400000000001,0.0005506071353015692,0.0005506071353015692,0.0
0.62182,0.0005509032713408142,0.0005509032713408142,0.0
0.622,0.000551200414899218,0.000551200414899218,0.0
0.6221800000000001,0.0005514985645778289,0.0005514985645778289,0.0
0.62236,0.000551797718975924,0.000551797718975924,0.0
0.6225400000000001,0.0005520978766911651,0.0005520978766911651,0.0
0.62272,0.0005523990363194941,0.0005523990363194941,0.0
0.6229,0.0005527011964551418,0.0005527011964551418,0.0
0.6230800000000001,0.0005530043556905382,0.0005530043556905382,0.0
0.62326,0.0005533085126164846,0.0005533085126164846,0.0
0.62344,0.0005536136658219365,0.0005536136658219365,0.0
0.6236200000000001,0.000553919813894074,0.000553919813894074,0.0
0.6238,0.0005542269554183272,0.0005542269554183272,0.0
0.62398,0.0005545350889782936,0.0005545350889782936,0.0
0.62416,0.0005548442131557817,0.0005548442131557817,0.0
0.62434,0.0005551543265307085,0.0005551543265307085,0.0
0.6245200000000001,0.0005554654276811617,0.0005554654276811617,0.0
0.6247,0.0005557775151833896,0.0005557775151833896,0.0
0.62488,0.0005560905876117174,0.0005560905876117174,0.0
0.6250600000000001,0.0005564046435386021,0.0005564046435386021,0.0
0.62524,0.0005567196815345735,0.0005567196815345735,0.0
0.6254200000000001,0.000557035700168245,0.000557035700168245,0.0
0.6256,0.0005573526980062039,0.0005573526980062039,0.0
0.62578,0.0005576706736132277,0.0005576706736132277,0.0
0.6259600000000001,0.0005579896255519801,0.0005579896255519801,0.0
0.62614,0.0005583095523832038,0.0005583095523832038,0.0
0.62632,0.0005586304526655616,0.0005586304526655616,0.0
0.6265000000000001,0.0005589523249557493,0.0005589523249557493,0.0
0.62668,0.0005592751678084193,0.0005592751678084193,0.0
0.6268600000000001,0.0005595989797761314,0.0005595989797761314,0.0
0.62704,0.0005599237594093648,0.0005599237594093648,0.0
0.62722,0.0005602495052565335,0.0005602495052565335,0.0
0.6274000000000001,0.0005605762158638885,0.0005605762158638885,0.0
0.62758,0.0005609038897756104,0.0005609038897756104,0.0
0.6277600000000001,0.0005612325255337019,0.0005612325255337019,0.0
0.62794,0.0005615621216779962,0.0005615621216779962,0.0
0.62812,0.0005618926767461423,0.0005618926767461423,0.0
0.6283000000000001,0.0005622241892735947,0.0005622241892735947,0.0
0.62848,0.0005625566577936148,0.0005625566577936148,0.0
0.62866,0.0005628900808371757,0.0005628900808371757,0.0
0.6288400000000001,0.0005632244569330219,0.0005632244569330219,0.0
0.62902,0.000563559784607652,0.000563559784607652,0.0
0.6292,0.0005638960623852024,0.0005638960623852024,0.0
0.62938,0.000564233288787579,0.000564233288787579,0.0
0.62956,0.0005645714623342882,0.0005645714623342882,0.0
0.6297400000000001,0.0005649105815425505,0.0005649105815425505,0.0
0.62992,0.0005652506449271582,0.0005652506449271582,0.0
0.6301,0.0005655916510005838,0.0005655916510005838,0.0
0.6302800000000001,0.0005659335982728205,0.0005659335982728205,0.0
0.63046,0.0005662764852515009,0.0005662764852515009,0.0
0.6306400000000001,0.0005666203104417761,0.0005666203104417761,0.0
0.63082,0.0005669650723463261,0.0005669650723463261,0.0
0.631,0.0005673107694653747,0.0005673107694653747,0.0
0.6311800000000001,0.0005676574002966409,0.0005676574002966409,0.0
0.63136,0.0005680049633352897,0.0005680049633352897,0.0
0.63154,0.0005683534570739661,0.0005683534570739661,0.0
0.6317200000000001,0.0005687028800027333,0.0005687028800027333,0.0
0.6319,0.0005690532306090867,0.0005690532306090867,0.0
0.63208,0.0005694045073778969,0.0005694045073778969,0.0
0.63226,0.0005697567087914027,0.0005697567087914027,0.0
0.63244,0.000570109833329239,0.000570109833329239,0.0
0.6326200000000001,0.0005704638794682952,0.0005704638794682952,0.0
0.6328,0.0005708188456828359,0.0005708188456828359,0.0
0.6329800000000001,0.0005711747304443686,0.0005711747304443686,0.0
0.6331600000000001,0.0005715315322217071,0.0005715315322217071,0.0
0.63334,0.0005718892494808553,0.0005718892494808553,0.0
0.6335200000000001,0.0005722478806850941,0.0005722478806850941,0.0
0.6337,0.0005726074242948454,0.0005726074242948454,0.0
0.63388,0.0005729678787677777,0.0005729678787677777,0.0
0.6340600000000001,0.0005733292425586353,0.0005733292425586353,0.0
0.63424,0.0005736915141193659,0.0005736915141193659,0.0
0.63442,0.0005740546918989759,0.0005740546918989759,0.0
0.6346,0.0005744187743435534,0.0005744187743435534,0.0
0.63478,0.0005747837598963012,0.0005747837598963012,0.0
0.6349600000000001,0.0005751496469974007,0.0005751496469974007,0.0
0.63514,0.0005755164340840872,0.0005755164340840872,0.0
0.63532,0.0005758841195905839,0.0005758841195905839,0.0
0.6355000000000001,0.0005762527019480315,0.0005762527019480315,0.0
0.63568,0.0005766221795845745,0.0005766221795845745,0.0
0.6358600000000001,0.0005769925509252836,0.0005769925509252836,0.0
0.63604,0.0005773638143920398,0.0005773638143920398,0.0
0.63622,0.0005777359684036951,0.0005777359684036951,0.0
0.6364000000000001,0.0005781090113758592,0.0005781090113758592,0.0
0.63658,0.0005784829417210314,0.0005784829417210314,0.0
0.63676,0.0005788577578484392,0.0005788577578484392,0.0
0.6369400000000001,0.0005792334581641481,0.0005792334581641481,0.0
0.63712,0.0005796100410709052,0.0005796100410709052,0.0
0.6373,0.0005799875049682314,0.0005799875049682314,0.0
0.63748,0.0005803658482522627,0.0005803658482522627,0.0
0.63766,0.0005807450693158883,0.0005807450693158883,0.0
0.6378400000000001,0.0005811251665485712,0.0005811251665485712,0.0
0.63802,0.0005815061383363966,0.0005815061383363966,0.0
0.6382,0.000581887983062077,0.000581887983062077,0.0
0.6383800000000001,0.000582270699104832,0.000582270699104832,0.0
0.63856,0.0005826542848404274,0.0005826542848404274,0.0
0.6387400000000001,0.000583038738641126,0.000583038738641126,0.0
0.63892,0.0005834240588756904,0.0005834240588756904,0.0
0.6391,0.0005838102439092956,0.0005838102439092956,0.0
0.6392800000000001,0.0005841972921036076,0.0005841972921036076,0.0
0.63946,0.0005845852018165588,0.0005845852018165588,0.0
0.63964,0.0005849739714025509,0.0005849739714025509,0.0
0.63982,0.0005853635992122857,0.0005853635992122857,0.0
0.64,0.0005857540835927639,0.0005857540835927639,0.0
0.6401800000000001,0.0005861454228872346,0.0005861454228872346,0.0
0.64036,0.0005865376154352517,0.0005865376154352517,0.0
0.64054,0.0005869306595725542,0.0005869306595725542,0.0
0.6407200000000001,0.0005873245536310677,0.0005873245536310677,0.0
0.6409,0.0005877192959388724,0.0005877192959388724,0.0
0.6410800000000001,0.0005881148848201433,0.0005881148848201433,0.0
0.64126,0.0005885113185952326,0.0005885113185952326,0.0
0.64144,0.0005889085955804696,0.0005889085955804696,0.0
0.6416200000000001,0.0005893067140882727,0.0005893067140882727,0.0
0.6418,0.0005897056724270268,0.0005897056724270268,0.0
0.64198,0.0005901054689010913,0.0005901054689010913,0.0
0.6421600000000001,0.000590506101810795,0.000590506101810795,0.0
0.64234,0.000590907569452359,0.000590907569452359,0.0
0.64252,0.0005913098701178317,0.0005913098701178317,0.0
0.6427,0.0005917130020951702,0.0005917130020951702,0.0
0.64288,0.0005921169636680705,0.0005921169636680705,0.0
0.6430600000000001,0.0005925217531160655,0.0005925217531160655,0.0
0.64324,0.0005929273687144264,0.0005929273687144264,0.0
0.64342,0.0005933338087340729,0.0005933338087340729,0.0
0.6436000000000001,0.0005937410714416363,0.0005937410714416363,0.0
0.64378,0.0005941491550994065,0.0005941491550994065,0.0
0.6439600000000001,0.0005945580579652421,0.0005945580579652421,0.0
0.64414,0.00059496777829259,0.00059496777829259,0.0
0.64432,0.0005953783143304232,0.0005953783143304232,0.0
0.6445000000000001,0.0005957896643232253,0.0005957896643232253,0.0
0.64468,0.0005962018265109414,0.0005962018265109414,0.0
0.64486,0.0005966147991289249,0.0005966147991289249,0.0
0.6450400000000001,0.0005970285804079491,0.0005970285804079491,0.0
0.64522,0.0005974431685741247,0.0005974431685741247,0.0
0.6454,0.0005978585618489006,0.0005978585618489006,0.0
0.64558,0.0005982747584489598,0.0005982747584489598,0.0
0.64576,0.0005986917565862754,0.0005986917565862754,0.0
0.6459400000000001,0.0005991095544680322,0.0005991095544680322,0.0
0.64612,0.0005995281502965605,0.0005995281502965605,0.0
0.6463000000000001,0.000599947542269309,0.000599947542269309,0.0
0.64648,0.0006003677285788446,0.0006003677285788446,0.0
0.64666,0.0006007887074127602,0.0006007887074127602,0.0
0.6468400000000001,0.0006012104769536861,0.0006012104769536861,0.0
0.64702,0.000601633035379231,0.000601633035379231,0.0
0.6472,0.0006020563808619024,0.0006020563808619024,0.0
0.6473800000000001,0.0006024805115691373,0.0006024805115691373,0.0
0.64756,0.0006029054256631892,0.0006029054256631892,0.0
0.64774,0.000603331121301179,0.000603331121301179,0.0
0.64792,0.0006037575966349474,0.0006037575966349474,0.0
0.6481,0.0006041848498110774,0.0006041848498110774,0.0
0.6482800000000001,0.0006046128789708513,0.0006046128789708513,0.0
0.64846,0.0006050416822501692,0.0006050416822501692,0.0
0.64864,0.0006054712577796001,0.0006054712577796001,0.0
0.6488200000000001,0.0006059016036841958,0.0006059016036841958,0.0
0.649,0.0006063327180835645,0.0006063327180835645,0.0
0.6491800000000001,0.0006067645990917546,0.0006067645990917546,0.0
0.64936,0.0006071972448173233,0.0006071972448173233,0.0
0.64954,0.0006076306533631083,0.0006076306533631083,0.0
0.6497200000000001,0.0006080648228263357,0.0006080648228263357,0.0
0.6499,0.0006084997512985632,0.0006084997512985632,0.0
0.65008,0.0006089354368655423,0.0006089354368655423,0.0
0.6502600000000001,0.0006093718776072346,0.0006093718776072346,0.0
0.65044,0.0006098090715977991,0.0006098090715977991,0.0
0.65062,0.0006102470169054475,0.0006102470169054475,0.0
0.6508,0.0006106857115925088,0.0006106857115925088,0.0
0.65098,0.0006111251537152858,0.0006111251537152858,0.0
0.6511600000000001,0.0006115653413241067,0.0006115653413241067,0.0
0.65134,0.0006120062724631202,0.0006120062724631202,0.0
0.65152,0.0006124479451704939,0.0006124479451704939,0.0
0.6517000000000001,0.0006128903574780564,0.0006128903574780564,0.0
0.65188,0.000613333507411541,0.000613333507411541,0.0
0.6520600000000001,0.0006137773929903065,0.0006137773929903065,0.0
0.65224,0.0006142220122274583,0.0006142220122274583,0.0
0.65242,0.0006146673631296956,0.0006146673631296956,0.0
0.6526000000000001,0.0006151134436972664,0.0006151134436972664,0.0
0.65278,0.0006155602519239974,0.0006155602519239974,0.0
0.65296,0.0006160077857970918,0.0006160077857970918,0.0
0.65314,0.0006164560432972771,0.0006164560432972771,0.0
0.65332,0.0006169050223985678,0.0006169050223985678,0.0
0.6535000000000001,0.0006173547210683578,0.0006173547210683578,0.0
0.65368,0.0006178051372671549,0.0006178051372671549,0.0
0.65386,0.0006182562689488544,0.0006182562689488544,0.0
0.6540400000000001,0.0006187081140603676,0.0006187081140603676,0.0
0.65422,0.0006191606705417305,0.0006191606705417305,0.0
0.6544000000000001,0.0006196139363260709,0.0006196139363260709,0.0
0.65458,0.0006200679093393959,0.0006200679093393959,0.0
0.65476,0.0006205225875007182,0.0006205225875007182,0.0
0.6549400000000001,0.0006209779687218816,0.0006209779687218816,0.0
0.65512,0.000621434050907558,0.000621434050907558,0.0
0.6553,0.0006218908319551676,0.0006218908319551676,0.0
0.6554800000000001,0.0006223483097547828,0.0006223483097547828,0.0
0.65566,0.0006228064821892077,0.0006228064821892077,0.0
0.65584,0.0006232653471336675,0.0006232653471336675,0.0
0.65602,0.0006237249024560539,0.0006237249024560539,0.0
0.6562,0.000624185146016653,0.000624185146016653,0.0
0.6563800000000001,0.0006246460756681144,0.0006246460756681144,0.0
0.65656,0.0006251076892554574,0.0006251076892554574,0.0
0.65674,0.0006255699846159435,0.0006255699846159435,0.0
0.6569200000000001,0.0006260329595790753,0.0006260329595790753,0.0
0.6571,0.0006264966119664841,0.0006264966119664841,0.0
0.6572800000000001,0.0006269609395918486,0.0006269609395918486,0.0
0.65746,0.0006274259402609339,0.0006274259402609339,0.0
0.65764,0.0006278916117713768,0.0006278916117713768,0.0
0.6578200000000001,0.0006283579519127195,0.0006283579519127195,0.0
0.658,0.0006288249584664019,0.0006288249584664019,0.0
0.65818,0.0006292926292055085,0.0006292926292055085,0.0
0.6583600000000001,0.000629760961894858,0.000629760961894858,0.0
0.65854,0.0006302299542909081,0.0006302299542909081,0.0
0.6587200000000001,0.0006306996041416176,0.0006306996041416176,0.0
0.6589,0.0006311699091864584,0.0006311699091864584,0.0
0.65908,0.0006316408671563134,0.0006316408671563134,0.0
0.6592600000000001,0.0006321124757733805,0.0006321124757733805,0.0
0.65944,0.0006325847327511568,0.0006325847327511568,0.0
0.6596200000000001,0.0006330576357943521,0.0006330576357943521,0.0
0.6598,0.0006335311825987334,0.0006335311825987334,0.0
0.65998,0.0006340053708512005,0.0006340053708512005,0.0
0.6601600000000001,0.0006344801982296219,0.0006344801982296219,0.0
0.66034,0.000634955662402672,0.000634955662402672,0.0
0.66052,0.0006354317610300363,0.0006354317610300363,0.0
0.6607000000000001,0.0006359084917620071,0.0006359084917620071,0.0
0.66088,0.0006363858522396336,0.0006363858522396336,0.0
0.66106,0.0006368638400945399,0.0006368638400945399,0.0
0.66124,0.0006373424529488846,0.0006373424529488846,0.0
0.66142,0.0006378216884152957,0.0006378216884152957,0.0
0.6616000000000001,0.0006383015440967414,0.0006383015440967414,0.0
0.66178,0.0006387820175865181,0.0006387820175865181,0.0
0.66196,0.0006392631064680796,0.0006392631064680796,0.0
0.6621400000000001,0.0006397448083151003,0.0006397448083151003,0.0
0.66232,0.0006402271206912126,0.0006402271206912126,0.0
0.6625000000000001,0.0006407100411500442,0.0006407100411500442,0.0
0.66268,0.0006411935672351275,0.0006411935672351275,0.0
0.66286,0.0006416776964798111,0.0006416776964798111,0.0
0.6630400000000001,0.00064216242640712,0.00064216242640712,0.0
0.66322,0.0006426477545297456,0.0006426477545297456,0.0
0.6634,0.000643133678349863,0.000643133678349863,0.0
0.6635800000000001,0.0006436201953591909,0.0006436201953591909,0.0
0.66376,0.0006441073030387846,0.0006441073030387846,0.0
0.66394,0.0006445949988589587,0.0006445949988589587,0.0
0.66412,0.0006450832802792363,0.0006450832802792363,0.0
0.6643,0.0006455721447482833,0.0006455721447482833,0.0
0.6644800000000001,0.0006460615897037356,0.0006460615897037356,0.0
0.66466,0.0006465516125721421,0.0006465516125721421,0.0
0.66484,0.0006470422107689115,0.0006470422107689115,0.0
0.6650200000000001,0.0006475333816982288,0.0006475333816982288,0.0
0.6652,0.0006480251227528325,0.0006480251227528325,0.0
0.6653800000000001,0.0006485174313140536,0.0006485174313140536,0.0
0.66556,0.0006490103047516656,0.0006490103047516656,0.0
0.66574,0.0006495037404238457,0.0006495037404238457,0.0
0.6659200000000001,0.0006499977356769735,0.0006499977356769735,0.0
0.6661,0.0006504922878455922,0.0006504922878455922,0.0
0.66628,0.0006509873942523364,0.0006509873942523364,0.0
0.66646,0.000651483052207803,0.000651483052207803,0.0
0.66664,0.0006519792590103925,0.0006519792590103925,0.0
0.6668200000000001,0.000652476011946344,0.000652476011946344,0.0
0.667,0.0006529733082894959,0.0006529733082894959,0.0
0.66718,0.0006534711453012349,0.0006534711453012349,0.0
0.6673600000000001,0.0006539695202304243,0.0006539695202304243,0.0
0.66754,0.000654468430313251,0.000654468430313251,0.0
0.6677200000000001,0.0006549678727731315,0.0006549678727731315,0.0
0.6679,0.0006554678448206385,0.0006554678448206385,0.0
0.66808,0.0006559683436533455,0.0006559683436533455,0.0
0.6682600000000001,0.0006564693664556643,0.0006564693664556643,0.0
0.66844,0.0006569709103989471,0.0006569709103989471,0.0
0.66862,0.0006574729726410881,0.0006574729726410881,0.0
0.6688000000000001,0.0006579755503266359,0.0006579755503266359,0.0
0.66898,0.0006584786405865623,0.0006584786405865623,0.0
0.66916,0.0006589822405382424,0.0006589822405382424,0.0
0.66934,0.0006594863472851781,0.0006594863472851781,0.0
0.66952,0.0006599909579170697,0.0006599909579170697,0.0
0.6697000000000001,0.0006604960695095456,0.0006604960695095456,0.0
0.66988,0.0006610016791241663,0.0006610016791241663,0.0
0.67006,0.0006615077838081876,0.0006615077838081876,0.0
0.6702400000000001,0.0006620143805945422,0.0006620143805945422,0.0
0.67042,0.0006625214665016338,0.0006625214665016338,0.0
0.6706000000000001,0.0006630290385332582,0.0006630290385332582,0.0
0.67078,0.0006635370936785134,0.0006635370936785134,0.0
0.67096,0.0006640456289116018,0.0006640456289116018,0.0
0.6711400000000001,0.0006645546411916721,0.0006645546411916721,0.0
0.67132,0.000665064127462827,0.000665064127462827,0.0
0.6715,0.0006655740846539084,0.0006655740846539084,0.0
0.67168,0.0006660845096783591,0.0006660845096783591,0.0
0.67186,0.0006665953994340829,0.0006665953994340829,0.0
0.6720400000000001,0.0006671067508033658,0.0006671067508033658,0.0
0.67222,0.0006676185606527155,0.0006676185606527155,0.0
0.6724,0.0006681308258326957,0.0006681308258326957,0.0
0.6725800000000001,0.0006686435431778363,0.0006686435431778363,0.0
0.67276,0.0006691567095064315,0.0006691567095064315,0.0
0.6729400000000001,0.0006696703216204872,0.0006696703216204872,0.0
0.67312,0.0006701843763054873,0.0006701843763054873,0.0
0.6733,0.0006706988703303649,0.0006706988703303649,0.0
0.6734800000000001,0.0006712138004471949,0.0006712138004471949,0.0
0.67366,0.0006717291633912243,0.0006717291633912243,0.0
0.67384,0.0006722449558806191,0.0006722449558806191,0.0
0.6740200000000001,0.0006727611746163043,0.0006727611746163043,0.0
0.6742,0.000673277816281908,0.000673277816281908,0.0
0.67438,0.0006737948775435345,0.0006737948775435345,0.0
0.67456,0.0006743123550495821,0.0006743123550495821,0.0
0.67474,0.0006748302454307826,0.0006748302454307826,0.0
0.6749200000000001,0.0006753485452996961,0.0006753485452996961,0.0
0.6751,0.000675867251250919,0.000675867251250919,0.0
0.6752800000000001,0.0006763863598607115,0.0006763863598607115,0.0
0.6754600000000001,0.0006769058676868901,0.0006769058676868901,0.0
0.67564,0.0006774257712686971,0.0006774257712686971,0.0
0.6758200000000001,0.0006779460671265869,0.0006779460671265869,0.0
0.676,0.0006784667517620852,0.0006784667517620852,0.0
0.67618,0.0006789878216575768,0.0006789878216575768,0.0
0.6763600000000001,0.0006795092732762994,0.0006795092732762994,0.0
0.67654,0.0006800311030619541,0.0006800311030619541,0.0
0.67672,0.0006805533074386936,0.0006805533074386936,0.0
0.6769000000000001,0.0006810758828108322,0.0006810758828108322,0.0
0.67708,0.000681598825562842,0.000681598825562842,0.0
0.67726,0.0006821221320589626,0.0006821221320589626,0.0
0.67744,0.0006826457986431649,0.0006826457986431649,0.0
0.67762,0.0006831698216389121,0.0006831698216389121,0.0
0.6778000000000001,0.0006836941973491177,0.0006836941973491177,0.0
0.67798,0.0006842189220557032,0.0006842189220557032,0.0
0.6781600000000001,0.0006847439920196251,0.0006847439920196251,0.0
0.67834,0.0006852694034806136,0.0006852694034806136,0.0
0.67852,0.0006857951526569421,0.0006857951526569421,0.0
0.6787000000000001,0.0006863212357454086,0.0006863212357454086,0.0
0.67888,0.0006868476489209017,0.0006868476489209017,0.0
0.67906,0.0006873743883363631,0.0006873743883363631,0.0
0.6792400000000001,0.0006879014501225658,0.0006879014501225658,0.0
0.67942,0.000688428830387884,0.000688428830387884,0.0
0.6796,0.0006889565252181676,0.0006889565252181676,0.0
0.67978,0.0006894845306764288,0.0006894845306764288,0.0
0.67996,0.0006900128428027143,0.0006900128428027143,0.0
0.68014,0.0006905414576138445,0.0006905414576138445,0.0
0.68032,0.0006910703711033444,0.0006910703711033444,0.0
0.6805,0.0006915995792410389,0.0006915995792410389,0.0
0.6806800000000001,0.000692129077972971,0.000692129077972971,0.0
0.68086,0.0006926588632211454,0.0006926588632211454,0.0
0.6810400000000001,0.0006931889308833142,0.0006931889308833142,0.0
0.68122,0.0006937192768327179,0.0006937192768327179,0.0
0.6814,0.0006942498969180305,0.0006942498969180305,0.0
0.6815800000000001,0.0006947807869629043,0.0006947807869629043,0.0
0.68176,0.0006953119427659413,0.0006953119427659413,0.0
0.68194,0.0006958433601002402,0.0006958433601002402,0.0
0.6821200000000001,0.000696375034713515,0.000696375034713515,0.0
0.6823,0.0006969069623274528,0.0006969069623274528,0.0
0.68248,0.0006974391386378224,0.0006974391386378224,0.0
0.68266,0.0006979715593139987,0.0006979715593139987,0.0
0.68284,0.0006985042199989019,0.0006985042199989019,0.0
0.6830200000000001,0.0006990371163086964,0.0006990371163086964,0.0
0.6832,0.0006995702438323982,0.0006995702438323982,0.0
0.6833800000000001,0.0007001035981319423,0.0007001035981319423,0.0
0.6835600000000001,0.0007006371747415674,0.0007006371747415674,0.0
0.68374,0.0007011709691678905,0.0007011709691678905,0.0
0.6839200000000001,0.0007017049768894525,0.0007017049768894525,0.0
0.6841,0.0007022391933565117,0.0007022391933565117,0.0
0.68428,0.0007027736139908498,0.0007027736139908498,0.0
0.6844600000000001,0.0007033082341853332,0.0007033082341853332,0.0
0.68464,0.0007038430493039751,0.0007038430493039751,0.0
0.68482,0.0007043780546813061,0.0007043780546813061,0.0
0.685,0.0007049132456222805,0.0007049132456222805,0.0
0.68518,0.0007054486174020358,0.0007054486174020358,0.0
0.68536,0.0007059841652655413,0.0007059841652655413,0.0
0.68554,0.0007065198844274303,0.0007065198844274303,0.0
0.68572,0.0007070557700714973,0.0007070557700714973,0.0
0.6859000000000001,0.0007075918173506331,0.0007075918173506331,0.0
0.68608,0.0007081280213865061,0.0007081280213865061,0.0
0.6862600000000001,0.0007086643772691763,0.0007086643772691763,0.0
0.68644,0.000709200880056863,0.000709200880056863,0.0
0.68662,0.0007097375247756357,0.0007097375247756357,0.0
0.6868000000000001,0.0007102743064191681,0.0007102743064191681,0.0
0.68698,0.0007108112199483568,0.0007108112199483568,0.0
0.68716,0.0007113482602910304,0.0007113482602910304,0.0
0.6873400000000001,0.0007118854223417329,0.0007118854223417329,0.0
0.68752,0.0007124227009613067,0.0007124227009613067,0.0
0.6877,0.0007129600909766517,0.0007129600909766517,0.0
0.68788,0.0007134975871802805,0.0007134975871802805,0.0
0.68806,0.0007140351843302429,0.0007140351843302429,0.0
0.68824,0.0007145728771495147,0.0007145728771495147,0.0
0.68842,0.0007151106603259137,0.0007151106603259137,0.0
0.6886000000000001,0.0007156485285115853,0.0007156485285115853,0.0
0.6887800000000001,0.0007161864763228125,0.0007161864763228125,0.0
0.68896,0.000716724498339614,0.000716724498339614,0.0
0.6891400000000001,0.0007172625891053335,0.0007172625891053335,0.0
0.68932,0.0007178007431265205,0.0007178007431265205,0.0
0.6895,0.0007183389548722327,0.0007183389548722327,0.0
0.6896800000000001,0.0007188772187740582,0.0007188772187740582,0.0
0.68986,0.000719415529225468,0.000719415529225468,0.0
0.69004,0.0007199538805816956,0.0007199538805816956,0.0
0.6902200000000001,0.0007204922671591016,0.0007204922671591016,0.0
0.6904,0.0007210306832351042,0.0007210306832351042,0.0
0.69058,0.0007215691230476257,0.0007215691230476257,0.0
0.69076,0.0007221075807947589,0.0007221075807947589,0.0
0.69094,0.0007226460506343515,0.0007226460506343515,0.0
0.6911200000000001,0.0007231845266837335,0.0007231845266837335,0.0
0.6913,0.0007237230030192291,0.0007237230030192291,0.0
0.6914800000000001,0.0007242614736758564,0.0007242614736758564,0.0
0.69166,0.0007247999326467681,0.0007247999326467681,0.0
0.69184,0.0007253383738831,0.0007253383738831,0.0
0.6920200000000001,0.0007258767912933276,0.0007258767912933276,0.0
0.6922,0.0007264151787430929,0.0007264151787430929,0.0
0.69238,0.0007269535300546041,0.0007269535300546041,0.0
0.6925600000000001,0.0007274918390062402,0.0007274918390062402,0.0
0.69274,0.000728030099332275,0.000728030099332275,0.0
0.69292,0.0007285683047223247,0.0007285683047223247,0.0
0.6931,0.000729106448820966,0.000729106448820966,0.0
0.69328,0.0007296445252273228,0.0007296445252273228,0.0
0.69346,0.0007301825274945149,0.0007301825274945149,0.0
0.69364,0.0007307204491294385,0.0007307204491294385,0.0
0.69382,0.0007312582835921059,0.0007312582835921059,0.0
0.6940000000000001,0.0007317960242952526,0.0007317960242952526,0.0
0.69418,0.0007323336646039962,0.0007323336646039962,0.0
0.6943600000000001,0.0007328711978352627,0.0007328711978352627,0.0
0.69454,0.0007334086172573259,0.0007334086172573259,0.0
0.69472,0.000733945916089341,0.000733945916089341,0.0
0.6949000000000001,0.0007344830875009935,0.0007344830875009935,0.0
0.69508,0.0007350201246118202,0.0007350201246118202,0.0
0.69526,0.0007355570204908568,0.0007355570204908568,0.0
0.6954400000000001,0.0007360937681561075,0.0007360937681561075,0.0
0.69562,0.0007366303605740977,0.0007366303605740977,0.0
0.6958,0.0007371667906592241,0.0007371667906592241,0.0
0.69598,0.0007377030512735594,0.0007377030512735594,0.0
0.69616,0.0007382391352259777,0.0007382391352259777,0.0
0.6963400000000001,0.0007387750352718494,0.0007387750352718494,0.0
0.69652,0.0007393107441124611,0.0007393107441124611,0.0
0.6967000000000001,0.0007398462543945604,0.0007398462543945604,0.0
0.69688,0.0007403815587097256,0.0007403815587097256,0.0
0.69706,0.0007409166495938869,0.0007409166495938869,0.0
0.6972400000000001,0.0007414515195267292,0.0007414515195267292,0.0
0.69742,0.0007419861609312189,0.0007419861609312189,0.0
0.6976,0.000742520566173004,0.000742520566173004,0.0
0.6977800000000001,0.0007430547275598279,0.0007430547275598279,0.0
0.69796,0.0007435886373410569,0.0007435886373410569,0.0
0.69814,0.0007441222877069492,0.0007441222877069492,0.0
0.69832,0.0007446556707882897,0.0007446556707882897,0.0
0.6985,0.0007451887786556041,0.0007451887786556041,0.0
0.69868,0.0007457216033185913,0.0007457216033185913,0.0
0.69886,0.0007462541367258198,0.0007462541367258198,0.0
0.69904,0.000746786370763505,0.000746786370763505,0.0
0.6992200000000001,0.0007473182972557362,0.0007473182972557362,0.0
0.6994,0.0007478499079629981,0.0007478499079629981,0.0
0.6995800000000001,0.0007483811945822596,0.0007483811945822596,0.0
0.69976,0.000748912148745847,0.000748912148745847,0.0
0.69994,0.0007494427620210149,0.0007494427620210149,0.0
0.7001200000000001,0.0007499730259094321,0.0007499730259094321,0.0
0.7003,0.0007505029318461978,0.0007505029318461978,0.0
0.70048,0.0007510324711995748,0.0007510324711995748,0.0
0.7006600000000001,0.0007515616352699068,0.0007515616352699068,0.0
0.70084,0.0007520904152893267,0.0007520904152893267,0.0
0.70102,0.0007526188024208269,0.0007526188024208269,0.0
0.7012,0.0007531467877577224,0.0007531467877577224,0.0
0.70138,0.0007536743623228375,0.0007536743623228375,0.0
0.7015600000000001,0.0007542015170679311,0.0007542015170679311,0.0
0.70174,0.0007547282428728536,0.0007547282428728536,0.0
0.7019200000000001,0.0007552545305449745,0.0007552545305449745,0.0
0.7021000000000001,0.0007557803708182905,0.0007557803708182905,0.0
0.70228,0.0007563057543528765,0.0007563057543528765,0.0
0.7024600000000001,0.0007568306717340654,0.0007568306717340654,0.0
0.70264,0.0007573551134715615,0.0007573551134715615,0.0
0.70282,0.0007578790699990623,0.0007578790699990623,0.0
0.7030000000000001,0.0007584025316730313,0.0007584025316730313,0.0
0.70318,0.0007589254887722164,0.0007589254887722164,0.0
0.70336,0.0007594479314968995,0.0007594479314968995,0.0
0.70354,0.0007599698499679399,0.0007599698499679399,0.0
0.70372,0.0007604912342260147,0.0007604912342260147,0.0
0.7039,0.0007610120742309298,0.0007610120742309298,0.0
0.70408,0.0007615323598607648,0.0007615323598607648,0.0
0.70426,0.0007620520809109016,0.0007620520809109016,0.0
0.7044400000000001,0.0007625712270934221,0.0007625712270934221,0.0
0.70462,0.000763089788036102,0.000763089788036102,0.0
0.7048000000000001,0.000763607753281684,0.000763607753281684,0.0
0.70498,0.000764125112286881,0.000764125112286881,0.0
0.70516,0.0007646418544217042,0.0007646418544217042,0.0
0.7053400000000001,0.0007651579689683568,0.0007651579689683568,0.0
0.70552,0.0007656734451205199,0.0007656734451205199,0.0
0.7057,0.000766188271982476,0.000766188271982476,0.0
0.7058800000000001,0.0007667024385680196,0.0007667024385680196,0.0
0.70606,0.0007672159337997603,0.0007672159337997603,0.0
0.70624,0.0007677287465080354,0.0007677287465080354,0.0
0.70642,0.0007682408654300869,0.0007682408654300869,0.0
0.7066,0.0007687522792091116,0.0007687522792091116,0.0
0.70678,0.000769262976393171,0.000769262976393171,0.0
0.70696,0.0007697729454344659,0.0007697729454344659,0.0
0.70714,0.0007702821746881715,0.0007702821746881715,0.0
0.7073200000000001,0.0007707906524114979,0.0007707906524114979,0.0
0.7075,0.0007712983667627785,0.0007712983667627785,0.0
0.7076800000000001,0.0007718053058004015,0.0007718053058004015,0.0
0.70786,0.0007723114574817399,0.0007723114574817399,0.0
0.70804,0.0007728168096622781,0.0007728168096622781,0.0
0.7082200000000001,0.000773321350094403,0.000773321350094403,0.0
0.7084,0.000773825066426543,0.000773825066426543,0.0
0.70858,0.0007743279462019318,0.0007743279462019318,0.0
0.7087600000000001,0.0007748299768576844,0.0007748299768576844,0.0
0.70894,0.000775331145723569,0.000775331145723569,0.0
0.70912,0.0007758314400211502,0.0007758314400211502,0.0
0.7093,0.0007763308468624398,0.0007763308468624398,0.0
0.70948,0.0007768293532487934,0.0007768293532487934,0.0
0.7096600000000001,0.0007773269460701264,0.0007773269460701264,0.0
0.70984,0.0007778236121033581,0.0007778236121033581,0.0
0.7100200000000001,0.0007783193380114108,0.0007783193380114108,0.0
0.7102,0.0007788141103421853,0.0007788141103421853,0.0
0.71038,0.0007793079155272484,0.0007793079155272484,0.0
0.7105600000000001,0.000779800739880585,0.000779800739880585,0.0
0.71074,0.0007802925695976292,0.0007802925695976292,0.0
0.71092,0.0007807833907537916,0.0007807833907537916,0.0
0.7111000000000001,0.0007812731893034904,0.0007812731893034904,0.0
0.71128,0.0007817619510786727,0.0007817619510786727,0.0
0.71146,0.0007822496617877861,0.0007822496617877861,0.0
0.71164,0.0007827363070143549,0.0007827363070143549,0.0
0.71182,0.0007832218722158976,0.0007832218722158976,0.0
0.712,0.0007837063427222998,0.0007837063427222998,0.0
0.71218,0.0007841897037348707,0.0007841897037348707,0.0
0.71236,0.0007846719403249648,0.0007846719403249648,0.0
0.7125400000000001,0.0007851530374324089,0.0007851530374324089,0.0
0.71272,0.0007856329798644557,0.0007856329798644557,0.0
0.7129000000000001,0.0007861117522943097,0.0007861117522943097,0.0
0.71308,0.0007865893392597533,0.0007865893392597533,0.0
0.71326,0.0007870657251617768,0.0007870657251617768,0.0
0.7134400000000001,0.0007875408942631711,0.0007875408942631711,0.0
0.71362,0.0007880148306871737,0.0007880148306871737,0.0
0.7138,0.0007884875184159574,0.0007884875184159574,0.0
0.7139800000000001,0.0007889589412893041,0.0007889589412893041,0.0
0.71416,0.0007894290830031413,0.0007894290830031413,0.0
0.71434,0.0007898979271078996,0.0007898979271078996,0.0
0.71452,0.0007903654570072281,0.0007903654570072281,0.0
0.7147,0.0007908316559564942,0.0007908316559564942,0.0
0.7148800000000001,0.0007912965070612078,0.0007912965070612078,0.0
0.71506,0.0007917599932753836,0.0007917599932753836,0.0
0.7152400000000001,0.0007922220974002743,0.0007922220974002743,0.0
0.7154200000000001,0.0007926828020826153,0.0007926828020826153,0.0
0.7156,0.0007931420898131636,0.0007931420898131636,0.0
0.7157800000000001,0.000793599942925016,0.000793599942925016,0.0
0.71596,0.0007940563435919943,0.0007940563435919943,0.0
0.71614,0.0007945112738272147,0.0007945112738272147,0.0
0.7163200000000001,0.0007949647154812257,0.0007949647154812257,0.0
0.7165,0.0007954166502406141,0.0007954166502406141,0.0
0.71668,0.0007958670596259957,0.0007958670596259957,0.0
0.71686,0.0007963159249907795,0.0007963159249907795,0.0
0.71704,0.0007967632275189717,0.0007967632275189717,0.0
0.71722,0.0007972089482239712,0.0007972089482239712,0.0
0.7174,0.0007976530679464995,0.0007976530679464995,0.0
0.71758,0.0007980955673529479,0.0007980955673529479,0.0
0.7177600000000001,0.0007985364269336224,0.0007985364269336224,0.0
0.71794,0.0007989756270010773,0.0007989756270010773,0.0
0.7181200000000001,0.000799413147688119,0.000799413147688119,0.0
0.7183,0.0007998489689461447,0.0007998489689461447,0.0
0.71848,0.0008002830705433341,0.0008002830705433341,0.0
0.7186600000000001,0.0008007154320627235,0.0008007154320627235,0.0
0.71884,0.0008011460329003094,0.0008011460329003094,0.0
0.71902,0.0008015748522634292,0.0008015748522634292,0.0
0.7192000000000001,0.0008020018691684238,0.0008020018691684238,0.0
0.71938,0.0008024270624393054,0.0008024270624393054,0.0
0.71956,0.0008028504107052274,0.0008028504107052274,0.0
0.71974,0.0008032718923990794,0.0008032718923990794,0.0
0.71992,0.000803691485755176,0.000803691485755176,0.0
0.7201,0.0008041091688073872,0.0008041091688073872,0.0
0.72028,0.0008045249193871736,0.0008045249193871736,0.0
0.72046,0.0008049387151215399,0.0008049387151215399,0.0
0.7206400000000001,0.0008053505334311727,0.0008053505334311727,0.0
0.72082,0.0008057603515280341,0.0008057603515280341,0.0
0.7210000000000001,0.0008061681464136824,0.0008061681464136824,0.0
0.72118,0.0008065738948769136,0.0008065738948769136,0.0
0.72136,0.0008069775734918767,0.0008069775734918767,0.0
0.7215400000000001,0.0008073791586158247,0.0008073791586158247,0.0
0.72172,0.0008077786263871033,0.0008077786263871033,0.0
0.7219,0.0008081759527228395,0.0008081759527228395,0.0
0.72208,0.0008085711133169218,0.0008085711133169218,0.0
0.72226,0.000808964083637831,0.000808964083637831,0.0
0.72244,0.0008093548389262715,0.0008093548389262715,0.0
0.72262,0.0008097433541931687,0.0008097433541931687,0.0
0.7228,0.0008101296042173018,0.0008101296042173018,0.0
0.7229800000000001,0.0008105135635431413,0.0008105135635431413,0.0
0.72316,0.0008108952064784343,0.0008108952064784343,0.0
0.7233400000000001,0.0008112745070922215,0.0008112745070922215,0.0
0.72352,0.000811651439212146,0.000811651439212146,0.0
0.7237,0.0008120259764225101,0.0008120259764225101,0.0
0.7238800000000001,0.000812398092061699,0.000812398092061699,0.0
0.72406,0.0008127677592200251,0.0008127677592200251,0.0
0.72424,0.000813134950737133,0.000813134950737133,0.0
0.7244200000000001,0.000813499639199731,0.000813499639199731,0.0
0.7246,0.0008138617969394597,0.0008138617969394597,0.0
0.72478,0.0008142213960299459,0.0008142213960299459,0.0
0.72496,0.0008145784082848484,0.0008145784082848484,0.0
0.72514,0.0008149328052552724,0.0008149328052552724,0.0
0.72532,0.0008152845582271084,0.0008152845582271084,0.0
0.7255,0.0008156336382189524,0.0008156336382189524,0.0
0.72568,0.0008159800159793543,0.0008159800159793543,0.0
0.7258600000000001,0.0008163236619843316,0.0008163236619843316,0.0
0.72604,0.0008166645464348615,0.0008166645464348615,0.0
0.7262200000000001,0.0008170026392546048,0.0008170026392546048,0.0
0.7264,0.0008173379100870408,0.0008173379100870408,0.0
0.72658,0.0008176703282929188,0.0008176703282929188,0.0
0.7267600000000001,0.0008179998629480765,0.0008179998629480765,0.0
0.72694,0.0008183264828403994,0.0008183264828403994,0.0
0.72712,0.0008186501564675752,0.0008186501564675752,0.0
0.7273000000000001,0.0008189708520342529,0.0008189708520342529,0.0
0.72748,0.0008192885374495536,0.0008192885374495536,0.0
0.72766,0.0008196031803244098,0.0008196031803244098,0.0
0.72784,0.0008199147479691427,0.0008199147479691427,0.0
0.72802,0.0008202232073903242,0.0008202232073903242,0.0
0.7282000000000001,0.0008205285252885956,0.0008205285252885956,0.0
0.72838,0.000820830668055837,0.000820830668055837,0.0
0.7285600000000001,0.000821129601772527,0.000821129601772527,0.0
0.72874,0.0008214252922049826,0.0008214252922049826,0.0
0.72892,0.0008217177048026052,0.0008217177048026052,0.0
0.7291000000000001,0.0008220068046956659,0.0008220068046956659,0.0
0.72928,0.0008222925566919561,0.0008222925566919561,0.0
0.72946,0.0008225749252743937,0.0008225749252743937,0.0
0.7296400000000001,0.0008228538745986141,0.0008228538745986141,0.0
0.72982,0.0008231293684894556,0.0008231293684894556,0.0
0.73,0.000823401370439181,0.000823401370439181,0.0
0.73018,0.000823669843604104,0.000823669843604104,0.0
0.73036,0.0008239347508021933,0.0008239347508021933,0.0
0.73054,0.0008241960545101744,0.0008241960545101744,0.0
0.73072,0.0008244537168609782,0.0008244537168609782,0.0
0.7309,0.0008247076996408228,0.0008247076996408228,0.0
0.7310800000000001,0.0008249579642866623,0.0008249579642866623,0.0
0.73126,0.0008252044718834771,0.0008252044718834771,0.0
0.7314400000000001,0.0008254471831613521,0.0008254471831613521,0.0
0.73162,0.0008256860584931067,0.0008256860584931067,0.0
0.7318,0.000825921057891316,0.000825921057891316,0.0
0.7319800000000001,0.0008261521410058495,0.0008261521410058495,0.0
0.73216,0.0008263792671207678,0.0008263792671207678,0.0
0.73234,0.0008266023951523519,0.0008266023951523519,0.0
0.7325200000000001,0.0008268214836457577,0.0008268214836457577,0.0
0.7327,0.0008270364907726502,0.0008270364907726502,0.0
0.73288,0.000827247374328779,0.000827247374328779,0.0
0.73306,0.0008274540917308558,0.0008274540917308558,0.0
0.73324,0.0008276566000145601,0.0008276566000145601,0.0
0.73342,0.0008278548558313128,0.0008278548558313128,0.0
0.7336,0.0008280488154463648,0.0008280488154463648,0.0
0.73378,0.0008282384347356154,0.0008282384347356154,0.0
0.7339600000000001,0.0008284236691834774,0.0008284236691834774,0.0
0.73414,0.0008286044738804363,0.0008286044738804363,0.0
0.7343200000000001,0.0008287808035203479,0.0008287808035203479,0.0
0.7345,0.0008289526123979864,0.0008289526123979864,0.0
0.73468,0.0008291198544069002,0.0008291198544069002,0.0
0.7348600000000001,0.0008292824830367617,0.0008292824830367617,0.0
0.73504,0.0008294404513711145,0.0008294404513711145,0.0
0.73522,0.0008295937120851876,0.0008295937120851876,0.0
0.7354,0.0008297422174433571,0.0008297422174433571,0.0
0.73558,0.0008298859192970626,0.0008298859192970626,0.0
0.73576,0.0008300247690827242,0.0008300247690827242,0.0
0.73594,0.0008301587178193711,0.0008301587178193711,0.0
0.73612,0.0008302877161067642,0.0008302877161067642,0.0
0.7363000000000001,0.0008304117141231994,0.0008304117141231994,0.0
0.73648,0.0008305306616234898,0.0008305306616234898,0.0
0.7366600000000001,0.0008306445079371429,0.0008306445079371429,0.0
0.73684,0.0008307532019664769,0.0008307532019664769,0.0
0.73702,0.0008308566921846088,0.0008308566921846088,0.0
0.7372000000000001,0.0008309549266340013,0.0008309549266340013,0.0
0.73738,0.000831047852924459,0.000831047852924459,0.0
0.73756,0.0008311354182317561,0.0008311354182317561,0.0
0.7377400000000001,0.0008312175692958535,0.0008312175692958535,0.0
0.73792,0.0008312942524197229,0.0008312942524197229,0.0
0.7381,0.000831365413467593,0.000831365413467593,0.0
0.73828,0.0008314309978638396,0.0008314309978638396,0.0
0.73846,0.0008314909505919206,0.0008314909505919206,0.0
0.73864,0.0008315452161928353,0.0008315452161928353,0.0
0.73882,0.0008315937387644257,0.0008315937387644257,0.0
0.739,0.0008316364619601397,0.0008316364619601397,0.0
0.7391800000000001,0.000831673328988634,0.000831673328988634,0.0
0.73936,0.0008317042826123655,0.0008317042826123655,0.0
0.7395400000000001,0.0008317292651475915,0.0008317292651475915,0.0
0.73972,0.0008317482184635067,0.0008317482184635067,0.0
0.7399,0.0008317610839819946,0.0008317610839819946,0.0
0.7400800000000001,0.0008317678026770766,0.0008317678026770766,0.0
0.74026,0.0008317683150750307,0.0008317683150750307,0.0
0.74044,0.0008317625612544214,0.0008317625612544214,0.0
0.7406200000000001,0.0008317504808457699,0.0008317504808457699,0.0
0.7408,0.0008317320130323855,0.0008317320130323855,0.0
0.74098,0.0008317070965503626,0.0008317070965503626,0.0
0.74116,0.0008316756696891052,0.0008316756696891052,0.0
0.74134,0.0008316376702923726,0.0008316376702923726,0.0
0.7415200000000001,0.0008315930357587403,0.0008315930357587403,0.0
0.7417,0.0008315417030429372,0.0008315417030429372,0.0
0.7418800000000001,0.0008314836086567945,0.0008314836086567945,0.0
0.74206,0.0008314186886707993,0.0008314186886707993,0.0
0.74224,0.0008313468787156178,0.0008313468787156178,0.0
0.7424200000000001,0.0008312681139835832,0.0008312681139835832,0.0
0.7426,0.0008311823292312111,0.0008311823292312111,0.0
0.74278,0.0008310894587807435,0.0008310894587807435,0.0
0.7429600000000001,0.0008309894365227836,0.0008309894365227836,0.0
0.74314,0.0008308821959188838,0.0008308821959188838,0.0
0.74332,0.0008307676700042196,0.0008307676700042196,0.0
0.7435,0.000830645791390528,0.000830645791390528,0.0
0.74368,0.0008305164922696701,0.0008305164922696701,0.0
0.74386,0.000830379704416794,0.000830379704416794,0.0
0.74404,0.0008302353591941176,0.0008302353591941176,0.0
0.74422,0.0008300833875549835,0.0008300833875549835,0.0
0.7444000000000001,0.0008299237200481619,0.0008299237200481619,0.0
0.74458,0.0008297562868222494,0.0008297562868222494,0.0
0.7447600000000001,0.0008295810176303523,0.0008295810176303523,0.0
0.74494,0.0008293978418356038,0.0008293978418356038,0.0
0.74512,0.0008292066884159664,0.0008292066884159664,0.0
0.7453000000000001,0.0008290074859702514,0.0008290074859702514,0.0
0.74548,0.0008288001627240833,0.0008288001627240833,0.0
0.74566,0.0008285846465359232,0.0008285846465359232,0.0
0.7458400000000001,0.0008283608649040804,0.0008283608649040804,0.0
0.74602,0.0008281287449732343,0.0008281287449732343,0.0
0.7462,0.0008278882135421546,0.0008278882135421546,0.0
0.74638,0.0008276391970710637,0.0008276391970710637,0.0
0.74656,0.0008273816216896211,0.0008273816216896211,0.0
0.74674,0.0008271154132053743,0.0008271154132053743,0.0
0.74692,0.0008268404971124957,0.0008268404971124957,0.0
0.7471,0.0008265567986008252,0.0008265567986008252,0.0
0.74728,0.0008262642425655343,0.0008262642425655343,0.0
0.74746,0.0008259627536170703,0.0008259627536170703,0.0
0.7476400000000001,0.0008256522560910699,0.0008256522560910699,0.0
0.74782,0.0008253326740596728,0.0008253326740596728,0.0
0.748,0.0008250039313423444,0.0008250039313423444,0.0
0.7481800000000001,0.0008246659515175608,0.0008246659515175608,0.0
0.74836,0.0008243186579350818,0.0008243186579350818,0.0
0.74854,0.0008239619737282356,0.0008239619737282356,0.0
0.74872,0.0008235958218268748,0.0008235958218268748,0.0
0.7489,0.0008232201249713548,0.0008232201249713548,0.0
0.74908,0.0008228348057257787,0.0008228348057257787,0.0
0.74926,0.0008224397864929915,0.0008224397864929915,0.0
0.74944,0.0008220349895292629,0.0008220349895292629,0.0
0.7496200000000001,0.0008216203369600627,0.0008216203369600627,0.0
0.7498,0.0008211957507958173,0.0008211957507958173,0.0
0.7499800000000001,0.0008207611529483046,0.0008207611529483046,0.0
0.75016,0.0008203164652484117,0.0008203164652484117,0.0
0.75034,0.0008198616094629458,0.0008198616094629458,0.0
0.7505200000000001,0.0008193965073135185,0.0008193965073135185,0.0
0.7507,0.0008189210804950546,0.0008189210804950546,0.0
0.75088,0.0008184352506948209,0.0008184352506948209,0.0
0.7510600000000001,0.0008179389396131126,0.0008179389396131126,0.0
0.75124,0.0008174320689832214,0.0008174320689832214,0.0
0.75142,0.0008169145605929152,0.0008169145605929152,0.0
0.7516,0.0008163863363058391,0.0008163863363058391,0.0
0.75178,0.0008158473180846572,0.0008158473180846572,0.0
0.75196,0.0008152974280130819,0.0008152974280130819,0.0
0.75214,0.0008147365883206027,0.0008147365883206027,0.0
0.75232,0.000814164721405972,0.000814164721405972,0.0
0.7525000000000001,0.0008135817498626637,0.0008135817498626637,0.0
0.75268,0.0008129875965044149,0.0008129875965044149,0.0
0.7528600000000001,0.0008123821843915361,0.0008123821843915361,0.0
0.75304,0.0008117654368580792,0.0008117654368580792,0.0
0.75322,0.000811137277539251,0.000811137277539251,0.0
0.7534000000000001,0.0008104976303999311,0.0008104976303999311,0.0
0.75358,0.0008098464197637844,0.0008098464197637844,0.0
0.75376,0.0008091835703431115,0.0008091835703431115,0.0
0.75394,0.0008085090072690868,0.0008085090072690868,0.0
0.75412,0.0008078226561231561,0.0008078226561231561,0.0
0.7543,0.0008071244429690456,0.0008071244429690456,0.0
0.75448,0.0008064142943850446,0.0008064142943850446,0.0
0.75466,0.000805692137497608,0.000805692137497608,0.0
0.7548400000000001,0.0008049579000154658,0.0008049579000154658,0.0
0.75502,0.0008042115102644701,0.0008042115102644701,0.0
0.7552000000000001,0.0008034528972224598,0.0008034528972224598,0.0
0.75538,0.0008026819905565609,0.0008026819905565609,0.0
0.75556,0.0008018987206592126,0.0008018987206592126,0.0
0.7557400000000001,0.0008011030186865115,0.0008011030186865115,0.0
0.75592,0.0008002948165962155,0.0008002948165962155,0.0
0.7561,0.0007994740471868557,0.0007994740471868557,0.0
0.7562800000000001,0.0007986406441383381,0.0007986406441383381,0.0
0.75646,0.0007977945420510949,0.0007977945420510949,0.0
0.75664,0.0007969356764884486,0.0007969356764884486,0.0
0.75682,0.0007960639840184506,0.0007960639840184506,0.0
0.757,0.0001848672265894701,0.0007959742334912926,1.0
0.75718,0.00018513777201565712,0.0007962447789174795,1.0
0.75736,0.00018540765422246064,0.0007965146611242832,1.0
0.75754,0.00018567687458665347,0.000796783881488476,1.0
0.7577200000000001,0.00018594543449012432,0.0007970524413919468,1.0
0.7579,0.0001862133353198846,0.0007973203422217072,1.0
0.7580800000000001,0.0001864805784678193,0.0007975875853696417,1.0
0.75826,0.0001867471653305604,0.0007978541722323828,1.0
0.75844,0.0001870130973094822,0.0007981201042113047,1.0
0.7586200000000001,0.00018727837581046316,0.0007983853827122857,1.0
0.7588,0.00018754300224368983,0.0007986500091455123,1.0
0.75898,0.00018780697802372548,0.000798913984925548,1.0
0.7591600000000001,0.00018807030456920323,0.0007991773114710257,1.0
0.75934,0.0001883329833028239,0.0007994399902046463,1.0
0.75952,0.00018859501565111713,0.0007997020225529396,1.0
0.7597,0.00018885640304447968,0.0007999634099463022,1.0
0.75988,0.0001891171469168369,0.0008002241538186594,1.0
0.76006,0.00018937724870579813,0.0008004842556076206,1.0
0.76024,0.00018963670985225242,0.000800743716754075,1.0
0.76042,0.00018989553180051902,0.0008010025387023415,1.0
0.7606,0.00019015371599801463,0.0008012607228998371,1.0
0.76078,0.0001904112638953044,0.0008015182707971269,1.0
0.7609600000000001,0.00019066817694583183,0.0008017751838476543,1.0
0.76114,0.00019092445660607508,0.0008020314635078976,1.0
0.76132,0.00019118010433504814,0.0008022871112368707,1.0
0.7615000000000001,0.00019143512159457938,0.0008025421284964018,1.0
0.76168,0.0001916895098489726,0.0008027965167507951,1.0
0.76186,0.00019194327056503205,0.0008030502774668545,1.0
0.76204,0.00019219640521178378,0.0008033034121136063,1.0
0.76222,0.00019244891526066013,0.0008035559221624826,1.0
0.7624,0.0001927008021850493,0.0008038078090868719,1.0
0.76258,0.0001929520674605862,0.0008040590743624087,1.0
0.76276,0.00019320271256468443,0.0008043097194665069,1.0
0.7629400000000001,0.00019345273897666907,0.0008045597458784916,1.0
0.76312,0.00019370214817765244,0.000804809155079475,1.0
0.7633000000000001,0.0001939509416504194,0.0008050579485522418,1.0
0.76348,0.00019419912087930897,0.0008053061277811315,1.0
0.76366,0.00019444668735011219,0.0008055536942519347,1.0
0.7638400000000001,0.0001946936425500576,0.00080580064945188,1.0
0.76402,0.0001949399879677319,0.0008060469948695544,1.0
0.7642,0.0001951857250928532,0.0008062927319946757,1.0
0.7643800000000001,0.00019543085541637957,0.000806537862318202,1.0
0.76456,0.0001956753804302154,0.0008067823873320379,1.0
0.76474,0.00019591930162730863,0.0008070263085291311,1.0
0.76492,0.00019616262050160452,0.000807269627403427,1.0
0.7651,0.00019640533854766012,0.0008075123454494826,1.0
0.76528,0.0001966474572609107,0.0008077544641627331,1.0
0.76546,0.00019688897813736916,0.0008079959850391916,1.0
0.76564,0.0001971299026737164,0.0008082369095755388,1.0
0.7658200000000001,0.00019737023236709487,0.0008084772392689173,1.0
0.766,0.000197609968715065,0.0008087169756168875,1.0
0.7661800000000001,0.0001978491132155455,0.000808956120117368,1.0
0.76636,0.00019808766736684273,0.0008091946742686653,1.0
0.76654,0.00019832563266732002,0.0008094326395691426,1.0
0.7667200000000001,0.00019856301061564204,0.0008096700175174645,1.0
0.7669,0.00019879980271042116,0.0008099068096122437,1.0
0.76708,0.000199036010450421,0.0008101430173522435,1.0
0.76726,0.00019927163533418288,0.0008103786422360053,1.0
0.76744,0.0001995066788602971,0.0008106136857621196,1.0
0.76762,0.0001997411425270548,0.0008108481494288773,1.0
0.7678,0.0001999750278325238,0.0008110820347343463,1.0
0.76798,0.0002002083362744835,0.000811315343176306,1.0
0.7681600000000001,0.00020044106935029885,0.0008115480762521213,1.0
0.76834,0.00020067322855701487,0.0008117802354588373,1.0
0.7685200000000001,0.00020090481539098532,0.0008120118222928078,1.0
0.7687,0.00020113583134818896,0.0008122428382500114,1.0
0.76888,0.00020136627792387556,0.000812473284825698,1.0
0.7690600000000001,0.00020159615661271085,0.0008127031635145333,1.0
0.76924,0.00020182546890855306,0.0008129324758103755,1.0
0.76942,0.00020205421630460648,0.000813161223206429,1.0
0.7696000000000001,0.00020228240029306467,0.0008133894071948872,1.0
0.76978,0.00020251002236540517,0.0008136170292672276,1.0
0.76996,0.0002027370840120684,0.0008138440909138909,1.0
0.77014,0.00020296358672249992,0.0008140705936243224,1.0
0.77032,0.0002031895319851101,0.0008142965388869326,1.0
0.7705,0.0002034149212873057,0.0008145219281891282,1.0
0.77068,0.00020363975611520393,0.0008147467630170264,1.0
0.77086,0.00020386403795384777,0.0008149710448556702,1.0
0.7710400000000001,0.00020408776828696198,0.0008151947751887845,1.0
0.77122,0.00020431094859701512,0.0008154179554988376,1.0
0.7714000000000001,0.00020453358036517805,0.0008156405872670005,1.0
0.77158,0.00020475566507118255,0.000815862671973005,1.0
0.77176,0.00020497720419338837,0.0008160842110952109,1.0
0.7719400000000001,0.00020519819920865816,0.0008163052061104807,1.0
0.77212,0.0002054186515923478,0.0008165256584941702,1.0
0.7723,0.0002056385628182746,0.0008167455697200971,1.0
0.77248,0.00020585793435866085,0.0008169649412604833,1.0
0.77266,0.00020607676768404404,0.0008171837745858666,1.0
0.77284,0.0002062950642634291,0.0008174020711652516,1.0
0.77302,0.000206512825563953,0.0008176198324657755,1.0
0.7732,0.00020673005305104643,0.0008178370599528689,1.0
0.77338,0.00020694674818838124,0.0008180537550902037,1.0
0.77356,0.00020716291243779884,0.0008182699193396213,1.0
0.77374,0.00020737854725921037,0.0008184855541610329,1.0
0.77392,0.0002075936541106747,0.0008187006610124972,1.0
0.7741,0.00020780823444836223,0.0008189152413501848,1.0
0.7742800000000001,0.00020802228972636978,0.0008191292966281923,1.0
0.77446,0.00020823582139686792,0.0008193428282986904,1.0
0.77464,0.00020844883090995553,0.000819555837811778,1.0
0.7748200000000001,0.00020866131971366094,0.0008197683266154834,1.0
0.775,0.00020887328925391606,0.0008199802961557385,1.0
0.77518,0.00020908474097451767,0.0008201917478763401,1.0
0.77536,0.0002092956763170312,0.0008204026832188537,1.0
0.77554,0.00020950609672094317,0.0008206131036227656,1.0
0.77572,0.00020971600362343086,0.0008208230105252533,1.0
0.7759,0.00020992539845945187,0.0008210324053612744,1.0
0.77608,0.00021013428266160436,0.0008212412895634268,1.0
0.7762600000000001,0.00021034265766026907,0.0008214496645620916,1.0
0.77644,0.00021055052488344413,0.0008216575317852666,1.0
0.7766200000000001,0.0002107578857567413,0.0008218648926585638,1.0
0.7768,0.0002109647417034063,0.0008220717486052288,1.0
0.77698,0.0002111710941442395,0.000822278101046062,1.0
0.7771600000000001,0.00021137694449756243,0.0008224839513993849,1.0
0.77734,0.00021158229417933398,0.0008226893010811565,1.0
0.77752,0.00021178714460290144,0.0008228941515047239,1.0
0.7777000000000001,0.00021199149717917668,0.0008230985040809991,1.0
0.77788,0.00021219535331639934,0.0008233023602182218,1.0
0.77806,0.00021239871442040674,0.0008235057213222293,1.0
0.77824,0.00021260158189434974,0.0008237085887961722,1.0
0.77842,0.00021280395713877166,0.0008239109640405942,1.0
0.7786,0.00021300584155158978,0.0008241128484534122,1.0
0.77878,0.0002132072365281039,0.0008243142434299264,1.0
0.77896,0.00021340814346088036,0.0008245151503627028,1.0
0.77914,0.00021360856373977988,0.0008247155706416024,1.0
0.77932,0.00021380849875205244,0.000824915505653875,1.0
0.7795000000000001,0.00021400794988211234,0.0008251149567839348,1.0
0.77968,0.00021420691851164152,0.000825313925413464,1.0
0.77986,0.0002144054060195418,0.0008255124129213642,1.0
0.7800400000000001,0.00021460341378197418,0.0008257104206837967,1.0
0.78022,0.00021480094317227112,0.0008259079500740936,1.0
0.7804,0.00021499799556090726,0.0008261050024627297,1.0
0.78058,0.0002151945723154995,0.000826301579217322,1.0
0.78076,0.00021539067480087483,0.0008264976817026974,1.0
0.78094,0.0002155863043789592,0.0008266933112807816,1.0
0.78112,0.0002157814624088056,0.0008268884693106281,1.0
0.7813,0.00021597615024651672,0.0008270831571483392,1.0
0.7814800000000001,0.00021617036924527548,0.000827277376147098,1.0
0.78166,0.00021636412075535974,0.0008274711276571822,1.0
0.7818400000000001,0.00021655740612414563,0.0008276644130259681,1.0
0.78202,0.00021675022669592528,0.0008278572335977478,1.0
0.7822,0.00021694258381211912,0.0008280495907139416,1.0
0.7823800000000001,0.00021713447881113068,0.0008282414857129531,1.0
0.78256,0.00021732591302834318,0.0008284329199301657,1.0
0.78274,0.00021751688779612203,0.0008286238946979445,1.0
0.7829200000000001,0.00021770740444386672,0.0008288144113456893,1.0
0.7831,0.0002178974642978972,0.0008290044711997197,1.0
0.78328,0.0002180870686814303,0.0008291940755832528,1.0
0.78346,0.0002182762189147266,0.0008293832258165491,1.0
0.78364,0.00021846491631491446,0.000829571923216737,1.0
0.78382,0.00021865316219606452,0.000829760169097887,1.0
0.784,0.00021884095786915843,0.0008299479647709809,1.0
0.78418,0.00021902830464198895,0.0008301353115438114,1.0
0.7843600000000001,0.00021921520381943917,0.0008303222107212617,1.0
0.78454,0.00021940165670312025,0.0008305086636049427,1.0
0.7847200000000001,0.00021958766459149827,0.0008306946714933208,1.0
0.7849,0.00021977322877999008,0.0008308802356818126,1.0
0.78508,0.00021995835056084549,0.0008310653574626679,1.0
0.7852600000000001,0.00022014303122313804,0.0008312500381249605,1.0
0.78544,0.0002203272720528017,0.0008314342789546242,1.0
0.78562,0.00022051107433258333,0.0008316180812344058,1.0
0.7858,0.0002206944393420885,0.000831801446243911,1.0
0.78598,0.00022087736835768368,0.0008319843752595062,1.0
0.78616,0.00022105986265266614,0.0008321668695544886,1.0
0.78634,0.00022124192349699885,0.0008323489303988214,1.0
0.78652,0.0002214235521575062,0.0008325305590593287,1.0
0.7867,0.00022160474989783307,0.0008327117567996556,1.0
0.78688,0.00022178551797837688,0.0008328925248801994,1.0
0.7870600000000001,0.00022196585765635343,0.0008330728645581759,1.0
0.78724,0.00022214577018571372,0.0008332527770875362,1.0
0.78742,0.00022232525681721476,0.0008334322637190372,1.0
0.7876000000000001,0.00022250431879834013,0.0008336113257001626,1.0
0.78778,0.00022268295737341468,0.0008337899642752372,1.0
0.78796,0.00022286117378340732,0.0008339681806852298,1.0
0.7881400000000001,0.00022303896926621574,0.0008341459761680382,1.0
0.78832,0.00022321634505628052,0.000834323351958103,1.0
0.7885,0.00022339330238498536,0.0008345003092868078,1.0
0.78868,0.00022356984248034437,0.0008346768493821668,1.0
0.78886,0.00022374596656714644,0.0008348529734689689,1.0
0.78904,0.00022392167586691598,0.0008350286827687385,1.0
0.78922,0.00022409697159794605,0.0008352039784997685,1.0
0.7894,0.0002242718549751867,0.0008353788618770092,1.0
0.7895800000000001,0.00022444632721043016,0.0008355533341122527,1.0
0.78976,0.00022462038951213357,0.000835727396413956,1.0
0.7899400000000001,0.00022479404308545033,0.0008359010499872728,1.0
0.79012,0.00022496728913234547,0.0008360742960341679,1.0
0.7903,0.00022514012885145284,0.0008362471357532753,1.0
0.7904800000000001,0.00022531256343814613,0.0008364195703399686,1.0
0.79066,0.00022548459408452943,0.0008365916009863519,1.0
0.79084,0.00022565622197944255,0.000836763228881265,1.0
0.7910200000000001,0.00022582744830837112,0.0008369344552101937,1.0
0.7912,0.00022599827425362723,0.0008371052811554497,1.0
0.79138,0.00022616870099418534,0.0008372757078960078,1.0
0.79156,0.0002263387297057673,0.0008374457366075898,1.0
0.79174,0.000226508361560744,0.0008376153684625666,1.0
0.79192,0.00022667759772831086,0.0008377846046301333,1.0
0.7921,0.00022684643937434857,0.0008379534462761711,1.0
0.79228,0.00022701488766142062,0.0008381218945632431,1.0
0.79246,0.00022718294374883717,0.0008382899506506596,1.0
0.79264,0.00022735060879262533,0.0008384576156944478,1.0
0.7928200000000001,0.0002275178839455532,0.0008386248908473757,1.0
0.793,0.00022768477035709606,0.0008387917772589185,1.0
0.79318,0.00022785126917349488,0.0008389582760753173,1.0
0.7933600000000001,0.00022801738153762447,0.000839124388439447,1.0
0.79354,0.00022818310858920219,0.0008392901154910246,1.0
0.79372,0.00022834845146456443,0.000839455458366387,1.0
0.7939,0.00022851341129687241,0.0008396204181986949,1.0
0.79408,0.0002286779892159819,0.0008397849961178044,1.0
0.79426,0.00022884218634848982,0.0008399491932503123,1.0
0.79444,0.00022900600381771288,0.0008401130107195354,1.0
0.79462,0.00022916944274369537,0.0008402764496455179,1.0
0.7948000000000001,0.00022933250424329803,0.0008404395111451205,1.0
0.79498,0.00022949518943006094,0.0008406021963318834,1.0
0.7951600000000001,0.00022965749941426287,0.0008407645063160853,1.0
0.79534,0.00022981943530295487,0.0008409264422047773,1.0
0.79552,0.00022998099819994533,0.0008410880051017678,1.0
0.7957000000000001,0.0002301421892058286,0.000841249196107651,1.0
0.79588,0.00023030300941784994,0.0008414100163196724,1.0
0.79606,0.00023046345993015476,0.0008415704668319772,1.0
0.7962400000000001,0.00023062354183356042,0.0008417305487353829,1.0
0.79642,0.00023078325621567048,0.0008418902631174929,1.0
0.7966,0.00023094260416086924,0.0008420496110626918,1.0
0.79678,0.00023110158675034397,0.0008422085936521665,1.0
0.79696,0.000231260205061977,0.0008423672119637995,1.0
0.79714,0.00023141846017049155,0.000842525467072314,1.0
0.79732,0.00023157635314743422,0.0008426833600492567,1.0
0.7975,0.00023173388506108822,0.0008428408919629107,1.0
0.7976800000000001,0.000231891056976485,0.0008429980638783075,1.0
0.79786,0.00023204786995559683,0.0008431548768574193,1.0
0.7980400000000001,0.0002322043250570577,0.0008433113319588802,1.0
0.79822,0.00023236042333634127,0.0008434674302381638,1.0
0.7984,0.00023251616584582809,0.0008436231727476505,1.0
0.7985800000000001,0.00023267155363458265,0.0008437785605364052,1.0
0.79876,0.00023282658774858404,0.0008439335946504066,1.0
0.79894,0.000232981269230553,0.0008440882761323754,1.0
0.79912,0.00023313559912011952,0.000844242606021942,1.0
0.7993,0.00023328957845371762,0.0008443965853555402,1.0
0.79948,0.00023344320826461455,0.0008445502151664371,1.0
0.79966,0.00023359648958291032,0.0008447034964847328,1.0
0.79984,0.00023374942343555412,0.0008448564303373766,1.0
0.80002,0.00023390201084641648,0.0008450090177482389,1.0
0.8002,0.0002340542528361301,0.0008451612597379526,1.0
0.8003800000000001,0.00023420615042224363,0.0008453131573240661,1.0
0.80056,0.000234357704619188,0.0008454647115210105,1.0
0.80074,0.00023450891643824913,0.0008456159233400716,1.0
0.8009200000000001,0.00023465978688759324,0.0008457667937894157,1.0
0.8011,0.0002348103169722088,0.0008459173238740313,1.0
0.80128,0.00023496050769413962,0.0008460675145959621,1.0
0.8014600000000001,0.00023511036005215838,0.0008462173669539809,1.0
0.80164,0.0002352598750420951,0.0008463668819439176,1.0
0.80182,0.00023540905365647684,0.0008465160605582993,1.0
0.802,0.00023555789688500822,0.0008466649037868308,1.0
0.80218,0.0002357064057141091,0.0008468134126159315,1.0
0.80236,0.00023585458112716358,0.0008469615880289861,1.0
0.80254,0.00023600242410459996,0.0008471094310064225,1.0
0.8027200000000001,0.0002361499356236604,0.0008472569425254829,1.0
0.8029,0.00023629711665857232,0.0008474041235603948,1.0
0.80308,0.0002364439681805522,0.0008475509750823747,1.0
0.8032600000000001,0.00023659049115769677,0.0008476974980595193,1.0
0.80344,0.00023673668655514797,0.0008478436934569705,1.0
0.80362,0.000236882555334949,0.0008479895622367715,1.0
0.8038000000000001,0.00023702809845611083,0.0008481351053579333,1.0
0.80398,0.00023717331687476734,0.0008482803237765898,1.0
0.80416,0.0002373182115438512,0.0008484252184456737,1.0
0.80434,0.00023746278341339603,0.0008485697903152185,1.0
0.80452,0.00023760703343041884,0.0008487140403322413,1.0
0.8047,0.00023775096253893918,0.0008488579694407617,1.0
0.80488,0.00023789457167998614,0.0008490015785818086,1.0
0.80506,0.00023803786179162496,0.0008491448686934475,1.0
0.80524,0.0002381808338089238,0.0008492878407107462,1.0
0.80542,0.00023832348866403507,0.0008494304955658575,1.0
0.8056000000000001,0.00023846582728603797,0.0008495728341878604,1.0
0.8057799999999999,0.00023860785060122804,0.0008497148575030506,1.0
0.80596,0.00023874955953282474,0.0008498565664346472,1.0
0.8061400000000001,0.0002388909550011291,0.0008499979619029516,1.0
0.80632,0.00023903203792358365,0.0008501390448254062,1.0
0.8065,0.00023917280921460592,0.0008502798161164284,1.0
0.8066800000000001,0.00023931326978576413,0.0008504202766875866,1.0
0.80686,0.00023945342054569325,0.0008505604274475157,1.0
0.80704,0.00023959326240012108,0.0008507002693019436,1.0
0.80722,0.0002397327962518995,0.000850839803153722,1.0
0.8074,0.00023987202300091332,0.0008509790299027359,1.0
0.80758,0.00024001094354425648,0.000851117950446079,1.0
0.80776,0.00024014955877611625,0.0008512565656779387,1.0
0.8079400000000001,0.0002402878695878607,0.0008513948764896832,1.0
0.80812,0.00024042587686782832,0.0008515328837696508,1.0
0.8083,0.0002405635815017131,0.0008516705884035356,1.0
0.8084800000000001,0.00024070098437221126,0.0008518079912740338,1.0
0.80866,0.00024083808635929848,0.0008519450932611209,1.0
0.80884,0.00024097488833995956,0.000852081895241782,1.0
0.8090200000000001,0.00024111139118848004,0.0008522183980903025,1.0
0.8092,0.00024124759577637172,0.0008523546026781942,1.0
0.80938,0.0002413835029721237,0.0008524905098739463,1.0
0.8095600000000001,0.00024151911364165939,0.0008526261205434819,1.0
0.80974,0.0002416544286479197,0.0008527614355497422,1.0
0.80992,0.00024178944885119133,0.0008528964557530138,1.0
0.8101,0.00024192417510888163,0.0008530311820107041,1.0
0.81028,0.00024205860827570549,0.000853165615177528,1.0
0.81046,0.0002421927492035635,0.000853299756105386,1.0
0.81064,0.000242326598741578,0.0008534336056434005,1.0
0.8108200000000001,0.0002424601577361333,0.0008535671646379558,1.0
0.8109999999999999,0.0002425934270309128,0.0008537004339327352,1.0
0.81118,0.00024272640746678204,0.0008538334143686046,1.0
0.8113600000000001,0.00024285909988194893,0.0008539661067837714,1.0
0.81154,0.0002429915051118535,0.000854098512013676,1.0
0.81172,0.00024312362398927291,0.0008542306308910954,1.0
0.8119000000000001,0.00024325545734417116,0.0008543624642459936,1.0
0.81208,0.00024338700600395552,0.000854494012905778,1.0
0.81226,0.00024351827079324804,0.0008546252776950705,1.0
0.81244,0.00024364925253395628,0.0008547562594357788,1.0
0.81262,0.0002437799520453979,0.0008548869589472204,1.0
0.8128,0.0002439103701441737,0.0008550173770459962,1.0
0.81298,0.0002440405076441956,0.0008551475145460181,1.0
0.81316,0.00024417036535677607,0.0008552773722585985,1.0
0.81334,0.0002442999440905257,0.0008554069509923482,1.0
0.81352,0.0002444292446514901,0.0008555362515533125,1.0
0.8137000000000001,0.00024455826784297797,0.0008556652747448005,1.0
0.81388,0.0002446870144657865,0.000855794021367609,1.0
0.81406,0.00024481548531796415,0.0008559224922197867,1.0
0.8142400000000001,0.000244943681195096,0.0008560506880969185,1.0
0.81442,0.0002450716028900565,0.000856178609791879,1.0
0.8146,0.000245199251193109,0.0008563062580949315,1.0
0.8147800000000001,0.00024532662689206536,0.0008564336337938878,1.0
0.81496,0.0002454537307720207,0.0008565607376738432,1.0
0.81514,0.0002455805636155432,0.0008566875705173656,1.0
0.81532,0.0002457071262026653,0.0008568141331044877,1.0
0.8155,0.00024583341931079495,0.0008569404262126174,1.0
0.81568,0.000245959443714872,0.0008570664506166944,1.0
0.81586,0.0002460852001872589,0.0008571922070890815,1.0
0.8160400000000001,0.0002462106894977534,0.0008573176963995758,1.0
0.81622,0.0002463359124136332,0.0008574429193154557,1.0
0.8164,0.000246460869699695,0.0008575678766015176,1.0
0.8165800000000001,0.0002465855621182483,0.0008576925690200708,1.0
0.81676,0.0002467099904289463,0.0008578169973307687,1.0
0.81694,0.00024683415538914873,0.0008579411622909712,1.0
0.8171200000000001,0.0002469580577535678,0.0008580650646553903,1.0
0.8173,0.00024708169827453445,0.0008581887051763569,1.0
0.81748,0.0002472050777018282,0.0008583120846036507,1.0
0.81766,0.0002473281967828161,0.0008584352036846387,1.0
0.81784,0.0002474510562624412,0.0008585580631642637,1.0
0.81802,0.0002475736568830227,0.0008586806637848451,1.0
0.8182,0.0002476959993846769,0.0008588030062864993,1.0
0.81838,0.00024781808450485945,0.0008589250914066819,1.0
0.81856,0.0002479399129787784,0.0008590469198806009,1.0
0.81874,0.0002480614855390846,0.0008591684924409071,1.0
0.8189200000000001,0.00024818280291608773,0.0008592898098179103,1.0
0.8190999999999999,0.0002483038658376907,0.0008594108727395132,1.0
0.81928,0.0002484246750294021,0.0008595316819312246,1.0
0.8194600000000001,0.0002485452312142356,0.0008596522381160582,1.0
0.81964,0.0002486655351129869,0.0008597725420148094,1.0
0.81982,0.00024878558744391075,0.0008598925943457332,1.0
0.8200000000000001,0.00024890538892305495,0.0008600123958248775,1.0
0.82018,0.00024902494026397896,0.0008601319471658014,1.0
0.82036,0.00024914424217791333,0.0008602512490797358,1.0
0.82054,0.0002492632953737977,0.0008603703022756202,1.0
0.82072,0.00024938210055817244,0.000860489107459995,1.0
0.8209,0.00024950065843526415,0.0008606076653370866,1.0
0.82108,0.0002496189697070121,0.0008607259766088346,1.0
0.8212600000000001,0.0002497370350729877,0.0008608440419748102,1.0
0.82144,0.0002498548552304363,0.0008609618621322587,1.0
0.82162,0.0002499724308743826,0.0008610794377762051,1.0
0.8218000000000001,0.0002500897626974635,0.000861196769599286,1.0
0.82198,0.00025020685139013016,0.0008613138582919526,1.0
0.82216,0.0002503236976404528,0.0008614307045422753,1.0
0.8223400000000001,0.00025044030213428297,0.0008615473090361055,1.0
0.82252,0.00025055666555515605,0.0008616636724569785,1.0
0.8227,0.0002506727885844451,0.0008617797954862676,1.0
0.8228800000000001,0.00025078867190121153,0.0008618956788030341,1.0
0.82306,0.0002509043161822425,0.0008620113230840649,1.0
0.82324,0.0002510197221021643,0.0008621267290039868,1.0
0.82342,0.0002511348903333017,0.0008622418972351242,1.0
0.8236,0.000251249821545776,0.0008623568284475985,1.0
0.82378,0.000251364516407557,0.0008624715233093794,1.0
0.82396,0.00025147897558428693,0.0008625859824861094,1.0
0.8241400000000001,0.0002515931997395544,0.0008627002066413769,1.0
0.8243199999999999,0.0002517071895346364,0.0008628141964364588,1.0
0.8245,0.0002518209456286511,0.0008629279525304736,1.0
0.8246800000000001,0.0002519344686785761,0.0008630414755803986,1.0
0.82486,0.00025204775933919643,0.0008631547662410189,1.0
0.82504,0.00025216081826311696,0.0008632678251649394,1.0
0.8252200000000001,0.0002522736461008024,0.0008633806530026248,1.0
0.8254,0.0002523862435005796,0.0008634932504024021,1.0
0.82558,0.00025249861110859074,0.0008636056180104132,1.0
0.82576,0.0002526107495688973,0.0008637177564707198,1.0
0.82594,0.00025272265952335936,0.0008638296664251818,1.0
0.82612,0.0002528343416118195,0.000863941348513642,1.0
0.8263,0.0002529457964719028,0.0008640528033737253,1.0
0.82648,0.00025305702473916075,0.0008641640316409832,1.0
0.82666,0.00025316802704707716,0.0008642750339488996,1.0
0.82684,0.0002532788040270549,0.0008643858109288774,1.0
0.8270200000000001,0.0002533893563083206,0.0008644963632101431,1.0
0.8272,0.00025349968451807777,0.0008646066914199003,1.0
0.82738,0.0002536097892814809,0.0008647167961833034,1.0
0.8275600000000001,0.00025371967122155437,0.0008648266781233769,1.0
0.82774,0.0002538293309593446,0.0008649363378611671,1.0
0.82792,0.0002539387691137769,0.0008650457760155994,1.0
0.8281000000000001,0.00025404798630178496,0.0008651549932036074,1.0
0.82828,0.00025415698313821,0.0008652639900400325,1.0
0.82846,0.00025426576023590086,0.0008653727671377233,1.0
0.82864,0.00025437431820571213,0.0008654813251075346,1.0
0.82882,0.00025448265765635753,0.00086558966455818,1.0
0.829,0.00025459077919469923,0.0008656977860965218,1.0
0.82918,0.0002546986834255066,0.000865805690327329,1.0
0.8293600000000001,0.00025480637095154834,0.0008659133778533708,1.0
0.8295399999999999,0.0002549138423736198,0.0008660208492754423,1.0
0.82972,0.00025502109829059243,0.000866128105192415,1.0
0.8299000000000001,0.00025512813929921715,0.0008662351462010397,1.0
0.83008,0.00025523496599441284,0.0008663419728962353,1.0
0.83026,0.0002553415789690864,0.0008664485858709089,1.0
0.8304400000000001,0.00025544797881413403,0.0008665549857159565,1.0
0.83062,0.00025555416611867287,0.0008666611730204954,1.0
0.8308,0.00025566014146966525,0.0008667671483714877,1.0
0.83098,0.0002557659054522101,0.0008668729123540326,1.0
0.83116,0.0002558714586495928,0.0008669784655514154,1.0
0.83134,0.0002559768016430203,0.0008670838085448428,1.0
0.83152,0.00025608193501183436,0.0008671889419136568,1.0
0.8317,0.00025618685933351005,0.0008672938662353325,1.0
0.83188,0.0002562915751835456,0.0008673985820853681,1.0
0.83206,0.00025639608313565167,0.0008675030900374742,1.0
0.8322400000000001,0.00025650038376151584,0.0008676073906633383,1.0
0.8324199999999999,0.0002566044776310228,0.0008677114845328452,1.0
0.8326,0.00025670836531221025,0.0008678153722140327,1.0
0.8327800000000001,0.0002568120473711146,0.000867919054272937,1.0
0.83296,0.00025691552437212035,0.0008680225312739428,1.0
0.83314,0.0002570187968774497,0.0008681258037792722,1.0
0.8333200000000001,0.0002571218654477905,0.000868228872349613,1.0
0.8335,0.00025722473064182364,0.0008683317375436461,1.0
0.83368,0.0002573273930163581,0.0008684343999181806,1.0
0.83386,0.00025742985312645717,0.0008685368600282797,1.0
0.83404,0.0002575321115253562,0.0008686391184271787,1.0
0.83422,0.00025763416876440476,0.0008687411756662272,1.0
0.8344,0.0002577360253932011,0.0008688430322950236,1.0
0.8345800000000001,0.0002578376819594964,0.0008689446888613189,1.0
0.83476,0.00025793913900927024,0.0008690461459110927,1.0
0.83494,0.0002580403970866789,0.0008691474039885013,1.0
0.8351200000000001,0.0002581414567341233,0.0008692484636359458,1.0
0.8353,0.0002582423184921779,0.0008693493253940003,1.0
0.83548,0.00025834298289975513,0.0008694499898015776,1.0
0.8356600000000001,0.0002584434504937822,0.0008695504573956046,1.0
0.83584,0.0002585437218096749,0.0008696507287114974,1.0
0.83602,0.00025864379738093935,0.0008697508042827618,1.0
0.8362,0.00025874367773932096,0.0008698506846411434,1.0
0.83638,0.00025884336341491587,0.0008699503703167384,1.0
0.83656,0.00025894285493601544,0.000870049861837838,1.0
0.83674,0.0002590421528291214,0.0008701491597309439,1.0
0.83692,0.0002591412576192113,0.0008702482645210338,1.0
0.8371,0.00025924016982930274,0.0008703471767311252,1.0
0.83728,0.0002593388899808577,0.0008704458968826802,1.0
0.8374600000000001,0.00025943741859359203,0.0008705444254954145,1.0
0.8376399999999999,0.0002595357561854689,0.0008706427630872914,1.0
0.83782,0.00025963390327284313,0.0008707409101746656,1.0
0.8380000000000001,0.00025973186037026784,0.0008708388672720904,1.0
0.83818,0.0002598296279907091,0.0008709366348925317,1.0
0.83836,0.00025992720664539195,0.0008710342135472144,1.0
0.8385400000000001,0.00026002459684401234,0.0008711316037458348,1.0
0.83872,0.00026012179909431127,0.0008712288059961337,1.0
0.8389,0.00026021881390268575,0.0008713258208045082,1.0
0.83908,0.0002603156417736316,0.000871422648675454,1.0
0.83926,0.00026041228321014827,0.0008715192901119708,1.0
0.83944,0.00026050873871354444,0.0008716157456153669,1.0
0.83962,0.00026060500878346047,0.0008717120156852829,1.0
0.8398000000000001,0.00026070109391797155,0.0008718081008197941,1.0
0.83998,0.00026079699461346016,0.0008719040015152826,1.0
0.84016,0.00026089271136477767,0.0008719997182666001,1.0
0.8403400000000001,0.00026098824466498925,0.0008720952515668117,1.0
0.84052,0.0002610835950057295,0.0008721906019075519,1.0
0.8407,0.00026117876287698666,0.0008722857697788092,1.0
0.8408800000000001,0.00026127374876711094,0.0008723807556689334,1.0
0.84106,0.0002613685531628935,0.000872475560064716,1.0
0.84124,0.0002614631765494822,0.0008725701834513047,1.0
0.8414200000000001,0.00026155761941050557,0.0008726646263123281,1.0
0.8416,0.0002616518822280171,0.0008727588891298396,1.0
0.84178,0.0002617459654824685,0.0008728529723842911,1.0
0.84196,0.0002618398696528052,0.0008729468765546277,1.0
0.84214,0.0002619335952163063,0.0008730406021181289,1.0
0.84232,0.00026202714264880685,0.0008731341495506293,1.0
0.8425,0.0002621205124245635,0.000873227519326386,1.0
0.8426800000000001,0.00026221370501623194,0.0008733207119180544,1.0
0.8428599999999999,0.00026230672089504707,0.0008734137277968696,1.0
0.84304,0.00026239956053057846,0.000873506567432401,1.0
0.8432200000000001,0.00026249222439098503,0.0008735992312928075,1.0
0.8434,0.00026258471294289835,0.0008736917198447208,1.0
0.84358,0.0002626770266513049,0.0008737840335531274,1.0
0.8437600000000001,0.0002627691659798328,0.0008738761728816553,1.0
0.84394,0.0002628611313905358,0.0008739681382923583,1.0
0.84412,0.0002629529233439937,0.0008740599302458162,1.0
0.8443,0.00026304454229930283,0.0008741515492011253,1.0
0.84448,0.0002631359887140315,0.000874242995615854,1.0
0.84466,0.0002632272630442596,0.000874334269946082,1.0
0.84484,0.00026331836574466867,0.0008744253726464912,1.0
0.84502,0.00026340929726840194,0.0008745163041702245,1.0
0.8452,0.0002635000580671206,0.0008746070649689431,1.0
0.84538,0.0002635906485911032,0.0008746976554929257,1.0
0.8455600000000001,0.00026368106928910065,0.0008747880761909232,1.0
0.8457399999999999,0.0002637713206084435,0.000874878327510266,1.0
0.84592,0.00026386140299501,0.0008749684098968325,1.0
0.8461000000000001,0.00026395131689325427,0.0008750583237950768,1.0
0.84628,0.0002640410627461335,0.000875148069647956,1.0
0.84646,0.00026413064099529775,0.0008752376478971202,1.0
0.8466400000000001,0.0002642200520808607,0.0008753270589826832,1.0
0.84682,0.00026430929644151907,0.0008754163033433415,1.0
0.847,0.0002643983745146642,0.0008755053814164867,1.0
0.84718,0.0002644872867361312,0.0008755942936379537,1.0
0.84736,0.0002645760335404567,0.0008756830404422792,1.0
0.84754,0.00026466461536073184,0.0008757716222625543,1.0
0.84772,0.0002647530326286626,0.000875860039530485,1.0
0.8479000000000001,0.00026484128577458345,0.000875948292676406,1.0
0.84808,0.00026492937522739046,0.000876036382129213,1.0
0.84826,0.0002650173014146733,0.0008761243083164959,1.0
0.8484400000000001,0.00026510506476260784,0.0008762120716644304,1.0
0.84862,0.00026519266569595846,0.0008762996725977809,1.0
0.8488,0.00026528010463818707,0.0008763871115400096,1.0
0.8489800000000001,0.00026536738201145667,0.0008764743889132791,1.0
0.84916,0.00026545449823640226,0.0008765615051382247,1.0
0.84934,0.00026554145373241974,0.0008766484606342422,1.0
0.84952,0.00026562824891756436,0.0008767352558193868,1.0
0.8497,0.000265714884208494,0.0008768218911103165,1.0
0.84988,0.0002658013600205772,0.0008769083669223996,1.0
0.85006,0.00026588767676787603,0.0008769946836696985,1.0
0.85024,0.00026597383486305344,0.0008770808417648759,1.0
0.85042,0.0002660598347174901,0.0008771668416193126,1.0
0.8506,0.00026614567674123973,0.0008772526836430622,1.0
0.8507800000000001,0.0002662313613430502,0.0008773383682448726,1.0
0.8509599999999999,0.0002663168889303918,0.0008774238958322143,1.0
0.85114,0.0002664022599093716,0.0008775092668111941,1.0
0.8513200000000001,0.0002664874746848446,0.000877594481586667,1.0
0.8515,0.0002665725336603538,0.0008776795405621763,1.0
0.85168,0.0002666574372381382,0.0008777644441399608,1.0
0.8518600000000001,0.0002667421858192063,0.0008778491927210288,1.0
0.85204,0.00026682677980320113,0.0008779337867050236,1.0
0.85222,0.0002669112195886026,0.0008780182264904251,1.0
0.8524,0.00026699550557252906,0.0008781025124743515,1.0
0.85258,0.00026707963815082833,0.0008781866450526508,1.0
0.85276,0.0002671636177181954,0.0008782706246200178,1.0
0.85294,0.00026724744466793396,0.0008783544515697564,1.0
0.8531200000000001,0.0002673311193921722,0.0008784381262939946,1.0
0.8533,0.0002674146422817781,0.0008785216491836006,1.0
0.85348,0.0002674980137263902,0.0008786050206282126,1.0
0.8536600000000001,0.0002675812341143512,0.0008786882410161737,1.0
0.85384,0.0002676643038328478,0.0008787713107346703,1.0
0.85402,0.0002677472232677985,0.000878854230169621,1.0
0.8542000000000001,0.0002678299928038322,0.0008789369997056547,1.0
0.85438,0.0002679126128244878,0.0008790196197263103,1.0
0.85456,0.0002679950837120214,0.0008791020906138439,1.0
0.85474,0.0002680774058474198,0.0008791844127492422,1.0
0.85492,0.00026815957961054605,0.0008792665865123685,1.0
0.8551,0.000268241605380018,0.0008793486122818405,1.0
0.85528,0.0002683234835333084,0.0008794304904351309,1.0
0.85546,0.0002684052144465988,0.0008795122213484213,1.0
0.85564,0.0002684867984949734,0.0008795938053967958,1.0
0.85582,0.00026856823605223175,0.0008796752429540542,1.0
0.8560000000000001,0.0002686495274911202,0.0008797565343929426,1.0
0.8561799999999999,0.0002687306731831184,0.0008798376800849409,1.0
0.85636,0.0002688116734984947,0.0008799186804003172,1.0
0.8565400000000001,0.00026889252880644065,0.0008799995357082631,1.0
0.85672,0.0002689732394749952,0.0008800802463768177,1.0
0.8569,0.0002690538058709013,0.0008801608127727237,1.0
0.8570800000000001,0.0002691342283598598,0.0008802412352616822,1.0
0.85726,0.0002692145073063693,0.0008803215142081917,1.0
0.85744,0.00026929464307386434,0.0008804016499756868,1.0
0.85762,0.00026937463602446916,0.0008804816429262916,1.0
0.8578,0.0002694544865193213,0.0008805614934211438,1.0
0.85798,0.00026953419491836117,0.0008806412018201837,1.0
0.85816,0.0002696137615803912,0.0008807207684822136,1.0
0.85834,0.00026969318686313667,0.0008808001937649591,1.0
0.85852,0.0002697724711230601,0.0008808794780248826,1.0
0.8587,0.00026985161471573745,0.00088095862161756,1.0
0.8588800000000001,0.0002699306179953556,0.0008810376248971782,1.0
0.8590599999999999,0.0002700094813152089,0.0008811164882170314,1.0
0.85924,0.0002700882050273469,0.0008811952119291694,1.0
0.8594200000000001,0.00027016678948283855,0.000881273796384661,1.0
0.8596,0.00027024523503149694,0.0008813522419333195,1.0
0.85978,0.0002703235420221719,0.0008814305489239944,1.0
0.8599600000000001,0.0002704017108025394,0.0008815087177043619,1.0
0.86014,0.00027047974171926127,0.0008815867486210837,1.0
0.86032,0.0002705576351178359,0.0008816646420196585,1.0
0.8605,0.00027063539134271016,0.0008817423982445326,1.0
0.86068,0.00027071301073731,0.0008818200176391325,1.0
0.86086,0.0002707904936438676,0.0008818975005456902,1.0
0.86104,0.00027086784040365264,0.0008819748473054751,1.0
0.8612200000000001,0.0002709450513568657,0.0008820520582586882,1.0
0.8613999999999999,0.0002710221268425568,0.0008821291337443792,1.0
0.86158,0.0002710990671987493,0.0008822060741005718,1.0
0.8617600000000001,0.0002711758727624897,0.0008822828796643122,1.0
0.86194,0.0002712525438697504,0.0008823595507715729,1.0
0.86212,0.0002713290808553594,0.0008824360877571818,1.0
0.8623000000000001,0.0002714054840531956,0.0008825124909550181,1.0
0.86248,0.0002714817537960775,0.0008825887606979,1.0
0.86266,0.0002715578904157689,0.0008826648973175913,1.0
0.86284,0.00027163389424297456,0.000882740901144797,1.0
0.86302,0.00027170976560753784,0.0008828167725093603,1.0
0.8632,0.0002717855048380444,0.0008828925117398669,1.0
0.86338,0.0002718611122621691,0.0008829681191639916,1.0
0.86356,0.00027193658820661993,0.0008830435951084424,1.0
0.86374,0.0002720119329969702,0.0008831189398987927,1.0
0.86392,0.0002720871469579305,0.000883194153859753,1.0
0.8641000000000001,0.000272162230413071,0.0008832692373148935,1.0
0.8642799999999999,0.0002722371836850356,0.000883344190586858,1.0
0.86446,0.0002723120070954193,0.0008834190139972418,1.0
0.8646400000000001,0.0002723867009648992,0.0008834937078667217,1.0
0.86482,0.0002724612656130478,0.0008835682725148703,1.0
0.865,0.0002725357013585518,0.0008836427082603743,1.0
0.8651800000000001,0.00027261000851905054,0.000883717015420873,1.0
0.86536,0.00027268418741125295,0.0008837911943130755,1.0
0.86554,0.00027275823835082823,0.0008838652452526507,1.0
0.86572,0.0002728321616525268,0.0008839391685543493,1.0
0.8659,0.0002729059576300824,0.0008840129645319049,1.0
0.86608,0.00027297962659631104,0.0008840866334981336,1.0
0.86626,0.00027305316886298776,0.0008841601757648102,1.0
0.8664400000000001,0.00027312658474103245,0.0008842335916428549,1.0
0.86662,0.00027319987454034456,0.000884306881442167,1.0
0.8668,0.00027327303856979534,0.0008843800454716178,1.0
0.8669800000000001,0.00027334607713751073,0.0008844530840393332,1.0
0.86716,0.0002734189905504405,0.000884525997452263,1.0
0.86734,0.00027349177911473253,0.000884598786016555,1.0
0.8675200000000001,0.00027356444313555674,0.0008846714500373792,1.0
0.8677,0.00027363698291715675,0.0008847439898189793,1.0
0.86788,0.00027370939876282557,0.000884816405664648,1.0
0.86806,0.0002737816909748739,0.0008848886978766964,1.0
0.86824,0.0002738538598548515,0.000884960866756674,1.0
0.86842,0.00027392590570316693,0.0008850329126049894,1.0
0.8686,0.000273997828819494,0.0008851048357213164,1.0
0.86878,0.00027406962950244615,0.0008851766364042686,1.0
0.86896,0.000274141308049855,0.0008852483149516775,1.0
0.86914,0.0002742128647584809,0.0008853198716603034,1.0
0.8693200000000001,0.0002742842999243948,0.0008853913068262173,1.0
0.8694999999999999,0.0002743556138424888,0.0008854626207443113,1.0
0.86968,0.00027442680680705533,0.0008855338137088778,1.0
0.8698600000000001,0.00027449787911122003,0.0008856048860130426,1.0
0.87004,0.0002745688310473455,0.000885675837949168,1.0
0.87022,0.0002746396629069662,0.0008857466698087887,1.0
0.8704000000000001,0.0002747103749805379,0.0008858173818823604,1.0
0.87058,0.0002747809675578335,0.000885887974459656,1.0
0.87076,0.0002748514409275989,0.0008859584478294214,1.0
0.87094,0.00027492179537774405,0.0008860288022795665,1.0
0.87112,0.0002749920311953853,0.0008860990380972078,1.0
0.8713,0.0002750621486666124,0.0008861691555684349,1.0
0.87148,0.000275132148076734,0.0008862391549785565,1.0
0.87166,0.0002752020297102002,0.0008863090366120227,1.0
0.87184,0.0002752717938506265,0.000886378800752449,1.0
0.87202,0.00027534144078063304,0.0008864484476824555,1.0
0.8722000000000001,0.0002754109707821251,0.0008865179776839476,1.0
0.8723799999999999,0.0002754803841360831,0.0008865873910379056,1.0
0.87256,0.0002755496811226227,0.0008866566880244451,1.0
0.8727400000000001,0.0002756188620211143,0.0008867258689229367,1.0
0.87292,0.00027568792710996,0.0008867949340117824,1.0
0.8731,0.000275756876666752,0.0008868638835685745,1.0
0.8732800000000001,0.0002758257109682922,0.0008869327178701147,1.0
0.87346,0.0002758944302904506,0.0008870014371922732,1.0
0.87364,0.0002759630349084274,0.0008870700418102499,1.0
0.87382,0.0002760315250964289,0.0008871385319982514,1.0
0.874,0.0002760999011278309,0.0008872069080296534,1.0
0.87418,0.00027616816327536716,0.0008872751701771897,1.0
0.87436,0.00027623631181071957,0.0008873433187125421,1.0
0.8745400000000001,0.00027630434700494144,0.000887411353906764,1.0
0.8747199999999999,0.00027637226912813643,0.0008874792760299589,1.0
0.8749,0.00027644007844965473,0.0008875470853514772,1.0
0.8750800000000001,0.0002765077752380409,0.0008876147821398634,1.0
0.87526,0.0002765753597610235,0.000887682366662846,1.0
0.87544,0.0002766428322854935,0.000887749839187316,1.0
0.8756200000000001,0.0002767101930775662,0.0008878171999793887,1.0
0.8758,0.00027677744240260784,0.0008878844493044303,1.0
0.87598,0.00027684458052508996,0.0008879515874269124,1.0
0.87616,0.00027691160770876186,0.0008880186146105844,1.0
0.87634,0.0002769785242164791,0.0008880855311183015,1.0
0.87652,0.0002770453303105117,0.0008881523372123341,1.0
0.8767,0.00027711202625214476,0.0008882190331539672,1.0
0.87688,0.0002771786123019897,0.0008882856192038122,1.0
0.87706,0.0002772450887198038,0.0008883520956216263,1.0
0.87724,0.00027731145576464567,0.0008884184626664682,1.0
0.8774200000000001,0.00027737771369477454,0.0008884847205965971,1.0
0.8775999999999999,0.00027744386276762594,0.0008885508696694484,1.0
0.87778,0.0002775099032398914,0.0008886169101417139,1.0
0.8779600000000001,0.0002775758353675661,0.0008886828422693886,1.0
0.87814,0.00027764165940581816,0.0008887486663076406,1.0
0.87832,0.00027770737560899446,0.000888814382510817,1.0
0.8785000000000001,0.0002777729842308177,0.0008888799911326401,1.0
0.87868,0.00027783848552416057,0.000888945492425983,1.0
0.87886,0.0002779038797412221,0.0008890108866430445,1.0
0.87904,0.0002779691671332774,0.0008890761740350998,1.0
0.87922,0.00027803434795109434,0.0008891413548529168,1.0
0.8794,0.0002780994224445276,0.0008892064293463502,1.0
0.87958,0.0002781643908627435,0.0008892713977645659,1.0
0.8797600000000001,0.00027822925345415546,0.000889336260355978,1.0
0.8799399999999999,0.00027829401046644195,0.0008894010173682644,1.0
0.88012,0.00027835866214659947,0.000889465669048422,1.0
0.8803000000000001,0.0002784232087407876,0.00088953021564261,1.0
0.88048,0.000278487650494494,0.0008895946573963165,1.0
0.88066,0.0002785519876524939,0.0008896589945543164,1.0
0.8808400000000001,0.000278616220458825,0.0008897232273606475,1.0
0.88102,0.0002786803491567918,0.0008897873560586143,1.0
0.8812,0.00027874437398896744,0.0008898513808907899,1.0
0.88138,0.00027880829519726194,0.0008899153020990845,1.0
0.88156,0.0002788721130228266,0.0008899791199246491,1.0
0.88174,0.000278935827706069,0.0008900428346078914,1.0
0.88192,0.00027899943948677606,0.0008901064463885985,1.0
0.8821,0.0002790629486040013,0.0008901699555058238,1.0
0.88228,0.00027912635529591734,0.0008902333621977398,1.0
0.88246,0.00027918965980033194,0.0008902966667021545,1.0
0.8826400000000001,0.000279252862354059,0.0008903598692558815,1.0
0.8828199999999999,0.00027931596319336234,0.0008904229700951848,1.0
0.883,0.000279378962553773,0.0008904859694555955,1.0
0.8831800000000001,0.0002794418606701161,0.0008905488675719386,1.0
0.88336,0.000279504657776544,0.0008906116646783665,1.0
0.88354,0.0002795673541064578,0.0008906743610082803,1.0
0.8837200000000001,0.0002796299498927197,0.0008907369567945422,1.0
0.8839,0.0002796924453674197,0.0008907994522692422,1.0
0.88408,0.0002797548407618573,0.0008908618476636798,1.0
0.88426,0.0002798171363068829,0.0008909241432087054,1.0
0.88444,0.0002798793322324872,0.0008909863391343097,1.0
0.88462,0.0002799414287680568,0.0008910484356698793,1.0
0.8848,0.00028000342614232235,0.0008911104330441449,1.0
0.88498,0.0002800653245832873,0.0008911723314851097,1.0
0.88516,0.00028012712431834845,0.0008912341312201709,1.0
0.88534,0.00028018882557421544,0.0008912958324760379,1.0
0.8855200000000001,0.000280250428576915,0.0008913574354787374,1.0
0.8856999999999999,0.000280311933551861,0.0008914189404536835,1.0
0.88588,0.0002803733407237236,0.000891480347625546,1.0
0.8860600000000001,0.00028043465031662697,0.0008915416572184494,1.0
0.88624,0.00028049586255401494,0.0008916028694558374,1.0
0.88642,0.00028055697765855774,0.0008916639845603803,1.0
0.8866,0.0002806179958524904,0.000891725002754313,1.0
0.88678,0.0002806789173571559,0.0008917859242589784,1.0
0.88696,0.00028073974239351993,0.0008918467492953424,1.0
0.88714,0.0002808004711816541,0.0008919074780834766,1.0
0.88732,0.0002808611039411763,0.0008919681108429988,1.0
0.8875,0.0002809216408909456,0.0008920286477927681,1.0
0.88768,0.00028098208224929563,0.0008920890891511181,1.0
0.8878600000000001,0.0002810424282338085,0.0008921494351356309,1.0
0.8880399999999999,0.00028110267906148974,0.0008922096859633122,1.0
0.88822,0.0002811628349487592,0.0008922698418505817,1.0
0.8884000000000001,0.00028122289611131967,0.0008923299030131422,1.0
0.88858,0.00028128286276435025,0.0008923898696661728,1.0
0.88876,0.00028134273512231504,0.0008924497420241375,1.0
0.8889400000000001,0.00028140251339915304,0.0008925095203009756,1.0
0.88912,0.00028146219780805255,0.0008925692047098751,1.0
0.8893,0.000281521788561734,0.0008926287954635565,1.0
0.88948,0.00028158128587215563,0.0008926882927739781,1.0
0.88966,0.00028164068995084087,0.0008927476968526634,1.0
0.88984,0.0002817000010085094,0.0008928070079103319,1.0
0.89002,0.00028175921925543675,0.0008928662261572592,1.0
0.8902,0.0002818183449011618,0.0008929253518029842,1.0
0.89038,0.0002818773781546987,0.0008929843850565212,1.0
0.89056,0.00028193631922450213,0.0008930433261263246,1.0
0.8907400000000001,0.0002819951683182886,0.0008931021752201111,1.0
0.8909199999999999,0.00028205392564326407,0.0008931609325450866,1.0
0.8911,0.0002821125914060597,0.0008932195983078822,1.0
0.8912800000000001,0.00028217116581267853,0.0008932781727145011,1.0
0.89146,0.0002822296490685819,0.0008933366559704044,1.0
0.89164,0.0002822880413784979,0.0008933950482803204,1.0
0.8918200000000001,0.0002823463429467356,0.0008934533498485581,1.0
0.892,0.0002824045539769143,0.0008935115608787367,1.0
0.89218,0.00028246267467212294,0.0008935696815739454,1.0
0.89236,0.00028252070523485595,0.0008936277121366784,1.0
0.89254,0.00028257864586698735,0.0008936856527688099,1.0
0.89272,0.00028263649676990555,0.000893743503671728,1.0
0.8929,0.00028269425814431886,0.0008938012650461413,1.0
0.8930800000000001,0.0002827519301904544,0.0008938589370922769,1.0
0.8932599999999999,0.0002828095131079072,0.0008939165200097297,1.0
0.89344,0.00028286700709566055,0.000893974013997483,1.0
0.8936200000000001,0.0002829244123522898,0.0008940314192541123,1.0
0.8938,0.0002829817290756236,0.0008940887359774461,1.0
0.89398,0.0002830389574630181,0.0008941459643648406,1.0
0.8941600000000001,0.0002830960977112968,0.0008942031046131193,1.0
0.89434,0.00028315315001660457,0.0008942601569184271,1.0
0.89452,0.0002832101145747229,0.0008943171214765453,1.0
0.8947,0.0002832669915806565,0.0008943739984824789,1.0
0.89488,0.0002833237812289627,0.0008944307881307851,1.0
0.89506,0.0002833804837136916,0.0008944874906155142,1.0
0.89524,0.0002834370992282658,0.0008945441061300883,1.0
0.89542,0.00028349362796556557,0.000894600634867388,1.0
0.8956,0.00028355007011799657,0.000894657077019819,1.0
0.89578,0.00028360642587728563,0.0008947134327791081,1.0
0.8959600000000001,0.0002836626954347509,0.0008947697023365734,1.0
0.8961399999999999,0.0002837188789811351,0.0008948258858829576,1.0
0.89632,0.0002837749767065848,0.0008948819836084073,1.0
0.8965000000000001,0.0002838309888007514,0.0008949379957025739,1.0
0.89668,0.00028388691545271354,0.000894993922354536,1.0
0.89686,0.00028394275685110157,0.000895049763752924,1.0
0.8970400000000001,0.000283998513183926,0.0008951055200857485,1.0
0.89722,0.0002840541846386847,0.0008951611915405072,1.0
0.8974,0.00028410977140239297,0.0008952167783042155,1.0
0.89758,0.0002841652736614497,0.0008952722805632722,1.0
0.89776,0.00028422069160187035,0.0008953276985036928,1.0
0.89794,0.0002842760254089914,0.0008953830323108139,1.0
0.89812,0.0002843312752676984,0.000895438282169521,1.0
0.8983,0.00028438644136236926,0.0008954934482641917,1.0
0.89848,0.00028444152387685707,0.0008955485307786796,1.0
0.89866,0.00028449652299443885,0.0008956035298962613,1.0
0.8988400000000001,0.0002845514388980833,0.0008956584457999058,1.0
0.89902,0.00028460627176986255,0.000895713278671685,1.0
0.8992,0.0002846610217917474,0.0008957680286935699,1.0
0.8993800000000001,0.0002847156891449392,0.0008958226960467617,1.0
0.89956,0.00028477027401022006,0.0008958772809120425,1.0
0.89974,0.00028482477656781573,0.0008959317834696382,1.0
0.89992,0.0002848791969975178,0.0008959862038993402,1.0
0.9001,0.0002849335354786326,0.0008960405423804551,1.0
0.90028,0.00028498779218981207,0.0008960947990916345,1.0
0.90046,0.00028504196730940536,0.0008961489742112278,1.0
0.90064,0.0002850960610151092,0.0008962030679169317,1.0
0.90082,0.00028515007348421147,0.0008962570803860339,1.0
0.901,0.0002852040048935017,0.0008963110117953242,1.0
0.9011800000000001,0.0002852578554191618,0.0008963648623209843,1.0
0.9013599999999999,0.00028531162523705273,0.0008964186321388753,1.0
0.90154,0.00028536531452244925,0.0008964723214242717,1.0
0.9017200000000001,0.0002854189234501619,0.0008965259303519844,1.0
0.9019,0.0002854724521944812,0.0008965794590963037,1.0
0.90208,0.0002855259009292637,0.0008966329078310862,1.0
0.9022600000000001,0.00028557926982782875,0.0008966862767296512,1.0
0.90244,0.00028563255906305986,0.0008967395659648823,1.0
0.90262,0.00028568576880736514,0.0008967927757091876,1.0
0.9028,0.0002857388992326135,0.000896845906134436,1.0
0.90298,0.00028579195051025674,0.0008968989574120792,1.0
0.90316,0.00028584492281125866,0.0008969519297130812,1.0
0.90334,0.0002858978163060873,0.0008970048232079098,1.0
0.90352,0.000285950631164718,0.0008970576380665405,1.0
0.9037,0.0002860033675567938,0.0008971103744586162,1.0
0.90388,0.000286056025651269,0.0008971630325530915,1.0
0.9040600000000001,0.0002861086056168042,0.0008972156125186267,1.0
0.9042399999999999,0.00028616110762153316,0.0008972681145233556,1.0
0.90442,0.000286213531833113,0.0008973205387349354,1.0
0.9046000000000001,0.00028626587841875794,0.0008973728853205804,1.0
0.90478,0.0002863181475452004,0.0008974251544470229,1.0
0.90496,0.0002863703393787269,0.0008974773462805494,1.0
0.9051400000000001,0.0002864224540852426,0.0008975294609870651,1.0
0.90532,0.0002864744918300026,0.0008975814987318251,1.0
0.9055,0.00028652645277801636,0.0008976334596798388,1.0
0.90568,0.0002865783370937063,0.0008976853439955287,1.0
0.90586,0.0002866301449410741,0.0008977371518428966,1.0
0.90604,0.00028668187648368636,0.0008977888833855089,1.0
0.90622,0.0002867335318846502,0.0008978405387864727,1.0
0.9064000000000001,0.000286785111306617,0.0008978921182084395,1.0
0.9065799999999999,0.00028683661491189403,0.0008979436218137165,1.0
0.90676,0.000286888042862143,0.0008979950497639655,1.0
0.9069400000000001,0.00028693939531871347,0.000898046402220536,1.0
0.90712,0.0002869906724424891,0.0008980976793443115,1.0
0.9073,0.0002870418743939079,0.0008981488812957304,1.0
0.9074800000000001,0.0002870930013330486,0.0008982000082348712,1.0
0.90766,0.0002871440534194059,0.0008982510603212283,1.0
0.90784,0.0002871950308121262,0.0008983020377139486,1.0
0.90802,0.0002872459336699005,0.000898352940571723,1.0
0.9082,0.0002872967621510473,0.0008984037690528698,1.0
0.90838,0.00028734751641330516,0.0008984545233151277,1.0
0.90856,0.0002873981966141136,0.0008985052035159361,1.0
0.90874,0.0002874488029104528,0.0008985558098122753,1.0
0.90892,0.0002874993354588847,0.0008986063423607072,1.0
0.9091,0.00028754979441550854,0.000898656801317331,1.0
0.9092800000000001,0.00028760017993595285,0.0008987071868377754,1.0
0.9094599999999999,0.00028765049217561247,0.000898757499077435,1.0
0.90964,0.0002877007312892097,0.0008988077381910321,1.0
0.9098200000000001,0.00028775089743125347,0.000898857904333076,1.0
0.91,0.0002878009907557243,0.0008989079976575469,1.0
0.91018,0.00028785101141616683,0.0008989580183179893,1.0
0.9103600000000001,0.0002879009595657794,0.0008990079664676019,1.0
0.91054,0.0002879508353573352,0.0008990578422591577,1.0
0.91072,0.0002880006389431854,0.0008991076458450079,1.0
0.9109,0.00028805037047518637,0.0008991573773770088,1.0
0.91108,0.00028810003010495863,0.0008992070370067811,1.0
0.91126,0.00028814961798351925,0.0008992566248853418,1.0
0.91144,0.0002881991342615673,0.0008993061411633898,1.0
0.91162,0.000288248579089473,0.0008993555859912955,1.0
0.9117999999999999,0.00028829795261705476,0.0008994049595188772,1.0
0.91198,0.0002883472549938176,0.0008994542618956401,1.0
0.9121600000000001,0.0002883964863687981,0.0008995034932706206,1.0
0.91234,0.0002884456468907538,0.0008995526537925764,1.0
0.91252,0.000288494736707836,0.0008996017436096585,1.0
0.9127000000000001,0.00028854375596802336,0.0008996507628698458,1.0
0.91288,0.00028859270481872417,0.0008996997117205467,1.0
0.91306,0.0002886415834070634,0.0008997485903088859,1.0
0.91324,0.000288690391879709,0.0008997973987815315,1.0
0.91342,0.00028873913038292536,0.0008998461372847479,1.0
0.9136,0.00028878779906263945,0.0008998948059644619,1.0
0.91378,0.0002888363980643394,0.0008999434049661619,1.0
0.91396,0.00028888492753309167,0.0008999919344349142,1.0
0.91414,0.0002889333876137126,0.0009000403945155351,1.0
0.91432,0.0002889817784504978,0.0009000887853523203,1.0
0.9145000000000001,0.0002890301001873579,0.0009001371070891804,1.0
0.9146799999999999,0.00028907835296786074,0.0009001853598696833,1.0
0.91486,0.000289126536935214,0.0009002335438370365,1.0
0.9150400000000001,0.00028917465223220185,0.0009002816591340243,1.0
0.91522,0.000289222699001229,0.0009003297059030516,1.0
0.9154,0.00028927067738435136,0.0009003776842861739,1.0
0.9155800000000001,0.0002893185875232102,0.0009004255944250327,1.0
0.91576,0.0002893664295590992,0.0009004734364609217,1.0
0.91594,0.00028941420363283845,0.0009005212105346609,1.0
0.91612,0.00028946190988499555,0.000900568916786818,1.0
0.9163,0.0002895095484557483,0.0009006165553575708,1.0
0.91648,0.0002895571194848477,0.0009006641263866702,1.0
0.91666,0.00028960462311165375,0.0009007116300134763,1.0
0.91684,0.0002896520594752719,0.0009007590663770944,1.0
0.91702,0.0002896994287143334,0.0009008064356161559,1.0
0.9172,0.00028974673096708516,0.0009008537378689076,1.0
0.9173800000000001,0.0002897939663714993,0.0009009009732733218,1.0
0.9175599999999999,0.0002898411350651021,0.0009009481419669246,1.0
0.91774,0.0002898882371851306,0.000900995244086953,1.0
0.9179200000000001,0.0002899352728683299,0.0009010422797701524,1.0
0.9181,0.00028998224225133747,0.00090108924915316,1.0
0.91828,0.0002900291454700249,0.0009011361523718474,1.0
0.91846,0.0002900759826603002,0.0009011829895621227,1.0
0.91864,0.0002901227539575093,0.0009012297608593318,1.0
0.91882,0.0002901694594966446,0.0009012764663984671,1.0
0.919,0.0002902160994123996,0.0009013231063142221,1.0
0.91918,0.0002902626738391451,0.0009013696807409676,1.0
0.91936,0.0002903091829107104,0.0009014161898125328,1.0
0.91954,0.00029035562676078304,0.0009014626336626055,1.0
0.9197200000000001,0.0002904020055226238,0.0009015090124244462,1.0
0.9198999999999999,0.0002904483193290706,0.0009015553262308931,1.0
0.92008,0.000290494568312771,0.0009016015752145935,1.0
0.9202600000000001,0.0002905407526058237,0.0009016477595076462,1.0
0.92044,0.0002905868723401439,0.0009016938792419664,1.0
0.92062,0.00029063292764722464,0.0009017399345490471,1.0
0.9208000000000001,0.00029067891865822376,0.0009017859255600462,1.0
0.92098,0.00029072484550393636,0.0009018318524057589,1.0
0.92116,0.00029077070831487126,0.0009018777152166937,1.0
0.92134,0.00029081650722113093,0.0009019235141229534,1.0
0.92152,0.0002908622423525126,0.0009019692492543351,1.0
0.9217,0.00029090791383845757,0.00090201492074028,1.0
0.92188,0.00029095352180808095,0.0009020605287099034,1.0
0.92206,0.00029099906639014735,0.0009021060732919699,1.0
0.92224,0.0002910445477130701,0.0009021515546148925,1.0
0.92242,0.0002910899659049982,0.0009021969728068206,1.0
0.9226000000000001,0.00029113532109363197,0.0009022423279954545,1.0
0.9227799999999999,0.0002911806134064038,0.0009022876203082263,1.0
0.92296,0.000291225842970464,0.0009023328498722865,1.0
0.9231400000000001,0.0002912710099125309,0.0009023780168143534,1.0
0.92332,0.000291316114359055,0.0009024231212608775,1.0
0.9235,0.00029136115643609847,0.0009024681633379209,1.0
0.9236800000000001,0.00029140613626946844,0.000902513143171291,1.0
0.92386,0.0002914510539845903,0.0009025580608864128,1.0
0.92404,0.0002914959097066006,0.000902602916608423,1.0
0.92422,0.0002915407035602596,0.0009026477104620821,1.0
0.9244,0.00029158543567006146,0.000902692442571884,1.0
0.92458,0.0002916301061601688,0.0009027371130619912,1.0
0.92476,0.0002916747151543501,0.0009027817220561725,1.0
0.92494,0.0002917192627761545,0.000902826269677977,1.0
0.9251199999999999,0.0002917637491487149,0.0009028707560505373,1.0
0.9253,0.00029180817439493763,0.0009029151812967602,1.0
0.9254800000000001,0.0002918525386372997,0.0009029595455391222,1.0
0.92566,0.0002918968419980967,0.0009030038488999192,1.0
0.92584,0.00029194108459920166,0.0009030480915010241,1.0
0.9260200000000001,0.00029198526656218826,0.0009030922734640107,1.0
0.9262,0.0002920293880083092,0.0009031363949101316,1.0
0.92638,0.00029207344905860986,0.0009031804559604323,1.0
0.92656,0.00029211744983364646,0.0009032244567354689,1.0
0.92674,0.0002921613904538373,0.0009032683973556598,1.0
0.92692,0.0002922052710391718,0.0009033122779409943,1.0
0.9271,0.00029224909170935334,0.0009033560986111758,1.0
0.92728,0.0002922928525837838,0.0009033998594856062,1.0
0.92746,0.00029233655378160014,0.0009034435606834226,1.0
0.92764,0.0002923801954216089,0.0009034872023234314,1.0
0.9278200000000001,0.0002924237776222008,0.0009035307845240233,1.0
0.9279999999999999,0.0002924673005016428,0.0009035743074034653,1.0
0.92818,0.0002925107641778032,0.0009036177710796257,1.0
0.9283600000000001,0.00029255416876823885,0.0009036611756700613,1.0
0.92854,0.0002925975143902182,0.0009037045212920407,1.0
0.92872,0.00029264080116073963,0.0009037478080625621,1.0
0.9289000000000001,0.0002926840291964467,0.0009037910360982693,1.0
0.92908,0.0002927271986137173,0.0009038342055155398,1.0
0.92926,0.0002927703095286388,0.0009038773164304612,1.0
0.92944,0.0002928133620569752,0.0009039203689587977,1.0
0.92962,0.00029285635631419335,0.0009039633632160159,1.0
0.9298,0.00029289929241546825,0.0009040062993172907,1.0
0.92998,0.0002929421704757474,0.00090404917737757,1.0
0.93016,0.0002929849906095355,0.000904091997511358,1.0
0.93034,0.00029302775293124953,0.000904134759833072,1.0
0.93052,0.0002930704575548021,0.0009041774644566246,1.0
0.9307000000000001,0.00029311310459391714,0.0009042201114957396,1.0
0.9308799999999999,0.0002931556941620896,0.0009042627010639121,1.0
0.93106,0.00029319822637240606,0.0009043052332742285,1.0
0.9312400000000001,0.00029324070133770715,0.0009043477082395296,1.0
0.93142,0.0002932831191706045,0.0009043901260724269,1.0
0.9316,0.0002933254799833293,0.0009044324868851517,1.0
0.93178,0.0002933677838879123,0.0009044747907897349,1.0
0.93196,0.0002934100309960219,0.0009045170378978444,1.0
0.93214,0.00029345222141908455,0.000904559228320907,1.0
0.93232,0.0002934943552682598,0.0009046013621700822,1.0
0.9325,0.0002935364326543743,0.0009046434395561968,1.0
0.93268,0.0002935784536880383,0.0009046854605898609,1.0
0.93286,0.00029362041847951593,0.0009047274253813384,1.0
0.9330400000000001,0.0002936623271388467,0.0009047693340406692,1.0
0.9332199999999999,0.0002937041797757106,0.0009048111866775331,1.0
0.9334,0.0002937459764996365,0.000904852983401459,1.0
0.9335800000000001,0.00029378771741975874,0.0009048947243215813,1.0
0.93376,0.00029382940264497857,0.000904936409546801,1.0
0.93394,0.0002938710322839728,0.0009049780391857953,1.0
0.9341200000000001,0.00029391260644503537,0.0009050196133468579,1.0
0.9343,0.0002939541252363129,0.0009050611321381354,1.0
0.93448,0.0002939955887655371,0.0009051025956673596,1.0
0.93466,0.00029403699714027504,0.0009051440040420975,1.0
0.93484,0.00029407835046778286,0.0009051853573696053,1.0
0.93502,0.0002941196488551125,0.0009052266557569349,1.0
0.9352,0.00029416089240890905,0.0009052678993107315,1.0
0.93538,0.0002942020812356954,0.0009053090881375179,1.0
0.93556,0.00029424321544154044,0.000905350222343363,1.0
0.93574,0.00029428429513252456,0.000905391302034347,1.0
0.9359200000000001,0.00029432532041418906,0.0009054323273160116,1.0
0.9360999999999999,0.0002943662913919502,0.0009054732982937727,1.0
0.93628,0.00029440720817095335,0.0009055142150727758,1.0
0.9364600000000001,0.0002944480708560139,0.0009055550777578364,1.0
0.93664,0.0002944888795517608,0.0009055958864535832,1.0
0.93682,0.00029452963436251415,0.0009056366412643366,1.0
0.937,0.00029457033539235394,0.0009056773422941764,1.0
0.93718,0.0002946109827450941,0.0009057179896469166,1.0
0.93736,0.00029465157652431055,0.000905758583426133,1.0
0.93754,0.00029469211683322,0.0009057991237350425,1.0
0.93772,0.00029473260377491827,0.0009058396106767408,1.0
0.9379,0.0002947730374521524,0.0009058800443539749,1.0
0.93808,0.0002948134179674983,0.0009059204248693208,1.0
0.93826,0.00029485374542313796,0.0009059607523249605,1.0
0.9384399999999999,0.0002948940199211313,0.0009060010268229538,1.0
0.93862,0.0002949342415632406,0.0009060412484650631,1.0
0.9388000000000001,0.000294974410450928,0.0009060814173527504,1.0
0.93898,0.0002950145266854665,0.000906121533587289,1.0
0.93916,0.0002950545903678317,0.0009061615972696543,1.0
0.9393400000000001,0.0002950946015987922,0.0009062016085006146,1.0
0.93952,0.0002951345604788161,0.0009062415673806386,1.0
0.9397,0.00029517446710818627,0.0009062814740100088,1.0
0.93988,0.0002952143215868202,0.0009063213284886426,1.0
0.94006,0.000295254124014536,0.0009063611309163585,1.0
0.94024,0.00029529387449083437,0.0009064008813926569,1.0
0.94042,0.00029533357311492867,0.0009064405800167511,1.0
0.9406,0.000295373219985805,0.0009064802268876275,1.0
0.94078,0.00029541281520227563,0.0009065198221040981,1.0
0.94096,0.00029545235886284296,0.0009065593657646654,1.0
0.9411400000000001,0.0002954918510657504,0.0009065988579675729,1.0
0.9413199999999999,0.00029553129190906357,0.0009066382988108861,1.0
0.9415,0.00029557068149053457,0.000906677688392357,1.0
0.9416800000000001,0.0002956100199077308,0.0009067170268095533,1.0
0.94186,0.00029564930725793994,0.0009067563141597624,1.0
0.94204,0.0002956885436382179,0.0009067955505400404,1.0
0.9422200000000001,0.0002957277291454044,0.0009068347360472269,1.0
0.9424,0.0002957668638760684,0.0009068738707778909,1.0
0.94258,0.00029580594792658955,0.000906912954828412,1.0
0.94276,0.00029584498139301885,0.0009069519882948414,1.0
0.94294,0.00029588396437127857,0.0009069909712731011,1.0
0.94312,0.00029592289695701225,0.0009070299038588347,1.0
0.9433,0.0002959617792455333,0.0009070687861473558,1.0
0.94348,0.00029600061133211377,0.0009071076182339363,1.0
0.9436599999999999,0.000296039393311634,0.0009071464002134565,1.0
0.94384,0.0002960781252787694,0.0009071851321805919,1.0
0.9440200000000001,0.0002961168073280047,0.0009072238142298272,1.0
0.9441999999999999,0.0002961554395536088,0.0009072624464554313,1.0
0.94438,0.00029619402204956514,0.0009073010289513876,1.0
0.9445600000000001,0.0002962325549096275,0.00090733956181145,1.0
0.94474,0.00029627103822733316,0.0009073780451291556,1.0
0.94492,0.00029630947209605406,0.0009074164789978766,1.0
0.9451,0.000296347856608815,0.0009074548635106375,1.0
0.94528,0.00029638619185847143,0.0009074931987602939,1.0
0.94546,0.00029642447793770124,0.0009075314848395237,1.0
0.94564,0.00029646271493888755,0.00090756972184071,1.0
0.94582,0.0002965009029541697,0.0009076079098559921,1.0
0.946,0.000296539042075531,0.0009076460489773534,1.0
0.94618,0.000296577132394728,0.0009076841392965505,1.0
0.9463600000000001,0.0002966151740032411,0.0009077221809050636,1.0
0.9465399999999999,0.0002966531669923479,0.0009077601738941704,1.0
0.94672,0.0002966911114531053,0.0009077981183549278,1.0
0.9469000000000001,0.0002967290074763872,0.0009078360143782098,1.0
0.94708,0.0002967668551527705,0.000907873862054593,1.0
0.94726,0.00029680465457266713,0.0009079116614744896,1.0
0.9474400000000001,0.0002968424058262384,0.0009079494127280608,1.0
0.94762,0.00029688010900348285,0.0009079871159053054,1.0
0.9478,0.00029691776419408345,0.000908024771095906,1.0
0.94798,0.0002969553714876072,0.0009080623783894297,1.0
0.94816,0.00029699293097336436,0.0009080999378751869,1.0
0.94834,0.0002970304427403579,0.0009081374496421803,1.0
0.94852,0.000297067906877612,0.0009081749137794345,1.0
0.9487,0.000297105323473612,0.0009082123303754345,1.0
0.94888,0.00029714269261695107,0.0009082496995187735,1.0
0.94906,0.00029718001439572894,0.0009082870212975514,1.0
0.9492400000000001,0.0002972172888980489,0.0009083242957998714,1.0
0.9494199999999999,0.00029725451621168407,0.0009083615231135066,1.0
0.9496,0.00029729169642422795,0.0009083987033260504,1.0
0.9497800000000001,0.00029732882962304287,0.0009084358365248654,1.0
0.94996,0.00029736591589532834,0.0009084729227971508,1.0
0.95014,0.0002974029553279817,0.0009085099622298041,1.0
0.95032,0.0002974399480078385,0.000908546954909661,1.0
0.9505,0.00029747689402135697,0.0009085839009231795,1.0
0.95068,0.00029751379345496185,0.0009086208003567843,1.0
0.95086,0.0002975506463946799,0.0009086576532965024,1.0
0.95104,0.000297587452926425,0.0009086944598282476,1.0
0.95122,0.00029762421313597894,0.0009087312200378014,1.0
0.9514,0.00029766092710879955,0.0009087679340106221,1.0
0.9515800000000001,0.0002976975949301902,0.0009088046018320126,1.0
0.9517599999999999,0.000297734216685287,0.0009088412235871094,1.0
0.95194,0.0002977707924588674,0.0009088777993606898,1.0
0.9521200000000001,0.0002978073223357268,0.0009089143292375494,1.0
0.9523,0.000297843806400304,0.0009089508133021265,1.0
0.95248,0.0002978802447368924,0.0009089872516387148,1.0
0.9526600000000001,0.0002979166374295421,0.0009090236443313646,1.0
0.95284,0.0002979529845621575,0.00090905999146398,1.0
0.95302,0.0002979892862183661,0.0009090962931201886,1.0
0.9532,0.00029802554248173,0.0009091325493835525,1.0
0.95338,0.00029806175343547196,0.0009091687603372944,1.0
0.95356,0.0002980979191626784,0.000909204926064501,1.0
0.95374,0.00029813403974618565,0.0009092410466480081,1.0
0.95392,0.0002981701152687548,0.0009092771221705773,1.0
0.9541,0.0002982061458127954,0.0009093131527146179,1.0
0.95428,0.0002982421314606298,0.0009093491383624523,1.0
0.9544600000000001,0.00029827807229439494,0.0009093850791962175,1.0
0.9546399999999999,0.00029831396839591134,0.0009094209752977338,1.0
0.95482,0.00029834981984689485,0.0009094568267487173,1.0
0.9550000000000001,0.00029838562672887515,0.0009094926336306976,1.0
0.95518,0.0002984213891231454,0.0009095283960249679,1.0
0.95536,0.00029845710711086783,0.0009095641140126903,1.0
0.9555400000000001,0.0002984927807729248,0.0009095997876747473,1.0
0.95572,0.0002985284101900631,0.0009096354170918856,1.0
0.9559,0.0002985639954428652,0.0009096710023446877,1.0
0.95608,0.0002985995366116141,0.0009097065435134367,1.0
0.95626,0.0002986350337765144,0.0009097420406783368,1.0
0.95644,0.0002986704870175507,0.0009097774939193731,1.0
0.95662,0.0002987058964144533,0.0009098129033162758,1.0
0.9568,0.0002987412620469099,0.0009098482689487324,1.0
0.9569799999999999,0.0002987765839941983,0.0009098835908960208,1.0
0.95716,0.00029881186233566534,0.0009099188692374878,1.0
0.9573400000000001,0.00029884709715026475,0.0009099541040520872,1.0
0.9575199999999999,0.00029888228851686826,0.0009099892954186907,1.0
0.9577,0.0002989174365141421,0.0009100244434159646,1.0
0.9578800000000001,0.0002989525412204984,0.0009100595481223209,1.0
0.95806,0.0002989876027143009,0.0009100946096161234,1.0
0.95824,0.0002990226210736213,0.0009101296279754438,1.0
0.95842,0.00029905759637639383,0.0009101646032782163,1.0
0.9586,0.0002990925287003462,0.0009101995356021687,1.0
0.95878,0.00029912741812300345,0.0009102344250248259,1.0
0.95896,0.00029916226472177657,0.0009102692716235991,1.0
0.95914,0.00029919706857385077,0.0009103040754756733,1.0
0.95932,0.0002992318297562354,0.0009103388366580578,1.0
0.9595,0.00029926654834571044,0.000910373555247533,1.0
0.9596800000000001,0.0002993012244189822,0.0009104082313208047,1.0
0.9598599999999999,0.00029933585805249404,0.0009104428649543165,1.0
0.96004,0.00029937044932253705,0.0009104774562243595,1.0
0.9602200000000001,0.0002994049983052559,0.0009105120052070784,1.0
0.9604,0.00029943950507649536,0.0009105465119783178,1.0
0.96058,0.0002994739697120712,0.0009105809766138937,1.0
0.9607600000000001,0.0002995083922875782,0.0009106153991894008,1.0
0.96094,0.0002995427728783459,0.0009106497797801683,1.0
0.96112,0.00029957711155966833,0.0009106841184614908,1.0
0.9613,0.0002996114084065357,0.0009107184153083583,1.0
0.96148,0.00029964566349383065,0.0009107526703956532,1.0
0.96166,0.0002996798768963118,0.0009107868837981343,1.0
0.96184,0.0002997140486884131,0.0009108210555902356,1.0
0.96202,0.00029974817894453407,0.0009108551858463566,1.0
0.9621999999999999,0.00029978226773885806,0.0009108892746406805,1.0
0.96238,0.0002998163151453738,0.0009109233220471963,1.0
0.9625600000000001,0.00029985032123791387,0.0009109573281397363,1.0
0.9627399999999999,0.00029988428609013665,0.0009109912929919591,1.0
0.96292,0.00029991820977552744,0.0009110252166773499,1.0
0.9631000000000001,0.0002999520923674008,0.0009110590992692234,1.0
0.96328,0.0002999859339389228,0.0009110929408407452,1.0
0.96346,0.00030001973456306457,0.000911126741464887,1.0
0.96364,0.0003000534943126227,0.0009111605012144452,1.0
0.96382,0.00030008721326024886,0.0009111942201620713,1.0
0.964,0.00030012089147839053,0.000911227898380213,1.0
0.96418,0.0003001545290393828,0.0009112615359412053,1.0
0.96436,0.00030018812601536005,0.0009112951329171826,1.0
0.96454,0.0003002216824782573,0.0009113286893800798,1.0
0.96472,0.0003002551984999137,0.0009113622054017362,1.0
0.9649000000000001,0.0003002886741519468,0.0009113956810537693,1.0
0.9650799999999999,0.0003003221095058181,0.0009114291164076405,1.0
0.96526,0.00030035550463286645,0.000911462511534689,1.0
0.9654400000000001,0.0003003888596041811,0.0009114958665060036,1.0
0.96562,0.0003004221744908097,0.0009115291813926321,1.0
0.9658,0.0003004554493634722,0.0009115624562652947,1.0
0.9659800000000001,0.0003004886842929354,0.000911595691194758,1.0
0.96616,0.0003005218793495983,0.0009116288862514208,1.0
0.96634,0.00030055503460380944,0.000911662041505632,1.0
0.96652,0.00030058815012571705,0.0009116951570275395,1.0
0.9667,0.0003006212259853632,0.0009117282328871857,1.0
0.96688,0.0003006542622525642,0.0009117612691543867,1.0
0.96706,0.00030068725899694705,0.0009117942658987695,1.0
0.96724,0.00030072021628815403,0.0009118272231899765,1.0
0.96742,0.0003007531341954585,0.000911860141097281,1.0
0.9676,0.00030078601278808194,0.0009118930196899044,1.0
0.9677800000000001,0.0003008188521350391,0.0009119258590368616,1.0
0.9679599999999999,0.0003008516523052931,0.0009119586592071156,1.0
0.96814,0.00030088441336745806,0.0009119914202692805,1.0
0.9683200000000001,0.0003009171353901889,0.0009120241422920114,1.0
0.9685,0.0003009498184419131,0.0009120568253437356,1.0
0.96868,0.0003009824625907817,0.0009120894694926041,1.0
0.96886,0.0003010150679050085,0.000912122074806831,1.0
0.96904,0.00030104763445249004,0.0009121546413543125,1.0
0.96922,0.0003010801623009671,0.0009121871692027897,1.0
0.9694,0.0003011126515181889,0.0009122196584200114,1.0
0.96958,0.0003011451021715064,0.0009122521090733288,1.0
0.96976,0.000301177514328332,0.0009122845212301545,1.0
0.96994,0.0003012098880558417,0.0009123168949576642,1.0
0.97012,0.0003012422234209972,0.0009123492303228196,1.0
0.9702999999999999,0.00030127452049068883,0.0009123815273925113,1.0
0.97048,0.0003013067793316655,0.000912413786233488,1.0
0.9706600000000001,0.00030133900001043016,0.0009124460069122526,1.0
0.9708399999999999,0.00030137118259347196,0.0009124781894952944,1.0
0.97102,0.0003014033271469695,0.0009125103340487919,1.0
0.9712000000000001,0.00030143543373710257,0.000912542440638925,1.0
0.97138,0.0003014675024297779,0.0009125745093316003,1.0
0.97156,0.00030149953329082263,0.0009126065401926451,1.0
0.97174,0.00030153152638592276,0.0009126385332877452,1.0
0.97192,0.0003015634817805747,0.0009126704886823973,1.0
0.9721,0.0003015953995401492,0.0009127024064419717,1.0
0.97228,0.00030162727972981305,0.0009127342866316355,1.0
0.97246,0.000301659122414725,0.0009127661293165475,1.0
0.97264,0.0003016909276597332,0.0009127979345615557,1.0
0.97282,0.00030172269552962455,0.000912829702431447,1.0
0.9730000000000001,0.00030175442608906946,0.0009128614329908919,1.0
0.9731799999999999,0.00030178611940248244,0.0009128931263043049,1.0
0.97336,0.00030181777553423163,0.0009129247824360542,1.0
0.9735400000000001,0.00030184939454852176,0.0009129564014503442,1.0
0.97372,0.00030188097650941573,0.0009129879834112382,1.0
0.9739,0.00030191252148079924,0.0009130195283826217,1.0
0.9740800000000001,0.0003019440295263912,0.0009130510364282138,1.0
0.97426,0.0003019755007098551,0.0009130825076116776,1.0
0.97444,0.00030200693509464577,0.0009131139419964683,1.0
0.97462,0.0003020383327440693,0.0009131453396458918,1.0
0.9748,0.00030206969372136705,0.0009131767006231896,1.0
0.97498,0.00030210101808950053,0.000913208024991323,1.0
0.97516,0.00030213230591146097,0.0009132393128132835,1.0
0.97534,0.0003021635572499728,0.0009132705641517953,1.0
0.9755199999999999,0.00030219477216764925,0.0009133017790694717,1.0
0.9757,0.0003022259507269544,0.0009133329576287768,1.0
0.9758800000000001,0.0003022570929902913,0.0009133640998921137,1.0
0.9760599999999999,0.00030228819901980455,0.000913395205921627,1.0
0.97624,0.0003023192688775674,0.0009134262757793899,1.0
0.9764200000000001,0.00030235030262549883,0.0009134573095273213,1.0
0.9766,0.00030238130032537845,0.000913488307227201,1.0
0.97678,0.00030241226203890485,0.0009135192689407273,1.0
0.97696,0.00030244318782747775,0.0009135501947293002,1.0
0.97714,0.0003024740777525789,0.0009135810846544014,1.0
0.97732,0.00030250493187540013,0.0009136119387772226,1.0
0.9775,0.00030253575025699796,0.0009136427571588204,1.0
0.97768,0.0003025665329583713,0.0009136735398601938,1.0
0.97786,0.0003025972800403717,0.0009137042869421942,1.0
0.97804,0.0003026279915636556,0.0009137349984654781,1.0
0.9782200000000001,0.00030265866758876495,0.0009137656744905875,1.0
0.9783999999999999,0.0003026893081761273,0.0009137963150779498,1.0
0.97858,0.00030271991338603896,0.0009138269202878615,1.0
0.9787600000000001,0.00030275048327867664,0.0009138574901804992,1.0
0.97894,0.000302781017913979,0.0009138880248158015,1.0
0.97912,0.00030281151735188637,0.0009139185242537089,1.0
0.9793000000000001,0.000302841981652119,0.0009139489885539415,1.0
0.97948,0.0003028724108743584,0.0009139794177761809,1.0
0.97966,0.0003029028050780203,0.0009140098119798428,1.0
0.97984,0.00030293316432248083,0.0009140401712243033,1.0
0.98002,0.000302963488666974,0.0009140704955687965,1.0
0.9802,0.0003029937781705738,0.0009141007850723964,1.0
0.98038,0.0003030240328922291,0.0009141310397940516,1.0
0.98056,0.0003030542528908337,0.0009141612597926562,1.0
0.98074,0.0003030844382250033,0.0009141914451268258,1.0
0.98092,0.00030311458895335944,0.0009142215958551819,1.0
0.9811000000000001,0.0003031447051343314,0.0009142517120361538,1.0
0.9812799999999999,0.00030317478682620556,0.000914281793728028,1.0
0.98146,0.0003032048340872307,0.0009143118409890533,1.0
0.9816400000000001,0.0003032348469753713,0.0009143418538771937,1.0
0.98182,0.00030326482554862537,0.0009143718324504479,1.0
0.982,0.00030329476986475876,0.0009144017767665812,1.0
0.98218,0.00030332467998143227,0.0009144316868832548,1.0
0.98236,0.00030335455595623654,0.0009144615628580591,1.0
0.98254,0.00030338439784654257,0.0009144914047483651,1.0
0.98272,0.0003034142057096597,0.0009145212126114822,1.0
0.9829,0.00030344397960274807,0.0009145509865045706,1.0
0.98308,0.0003034737195828208,0.0009145807264846433,1.0
0.98326,0.0003035034257068667,0.0009146104326086892,1.0
0.98344,0.00030353309803164073,0.0009146401049334632,1.0
0.9836199999999999,0.00030356273661377145,0.0009146697435155939,1.0
0.9838,0.00030359234150980735,0.0009146993484116298,1.0
0.9839800000000001,0.0003036219127761836,0.0009147289196780061,1.0
0.9841599999999999,0.000303651450469204,0.0009147584573710265,1.0
0.98434,0.0003036809546450457,0.0009147879615468682,1.0
0.9845200000000001,0.0003037104253597018,0.0009148174322615243,1.0
0.9847,0.00030373986266916367,0.0009148468695709862,1.0
0.98488,0.00030376926662918765,0.0009148762735310101,1.0
0.98506,0.00030379863729544616,0.0009149056441972686,1.0
0.98524,0.00030382797472353377,0.0009149349816253563,1.0
0.98542,0.0003038572789688392,0.0009149642858706617,1.0
0.9856,0.0003038865500867414,0.0009149935569885639,1.0
0.98578,0.00030391578813240665,0.0009150227950342291,1.0
0.98596,0.0003039449931609028,0.0009150520000627253,1.0
0.98614,0.000303974165227163,0.0009150811721289854,1.0
0.9863200000000001,0.0003040033043860486,0.0009151103112878711,1.0
0.9864999999999999,0.0003040324106922839,0.0009151394175941064,1.0
0.98668,0.0003040614842004585,0.000915168491102281,1.0
0.9868600000000001,0.0003040905249650614,0.0009151975318668838,1.0
0.98704,0.000304119533040409,0.0009152265399422314,1.0
0.98722,0.00030414850848076424,0.0009152555153825867,1.0
0.9874,0.0003041774513403005,0.000915284458242123,1.0
0.98758,0.00030420636167294117,0.0009153133685747637,1.0
0.98776,0.0003042352395326167,0.0009153422464344392,1.0
0.98794,0.0003042640849730949,0.0009153710918749174,1.0
0.98812,0.00030429289804801167,0.0009153999049498342,1.0
0.9883,0.0003043216788109825,0.0009154286857128049,1.0
0.98848,0.00030435042731537135,0.0009154574342171938,1.0
0.98866,0.00030437914361442517,0.0009154861505162477,1.0
0.9888399999999999,0.0003044078277614431,0.0009155148346632656,1.0
0.98902,0.0003044364798094467,0.0009155434867112692,1.0
0.9892000000000001,0.00030446509981142797,0.0009155721067132505,1.0
0.9893799999999999,0.00030449368782020924,0.0009156006947220318,1.0
0.98956,0.0003045222438885394,0.0009156292507903618,1.0
0.9897400000000001,0.0003045507680689875,0.00091565777497081,1.0
0.98992,0.00030457926041416335,0.0009156862673159858,1.0
0.9901,0.00030460772097638865,0.0009157147278782111,1.0
0.99028,0.0003046361498079428,0.0009157431567097653,1.0
0.99046,0.00030466454696101273,0.0009157715538628353,1.0
0.99064,0.00030469291248764725,0.0009157999193894697,1.0
0.99082,0.00030472124643980816,0.0009158282533416307,1.0
0.991,0.00030474954886928525,0.0009158565557711078,1.0
0.99118,0.0003047778198278145,0.0009158848267296371,1.0
0.99136,0.0003048060593670568,0.0009159130662688792,1.0
0.9915400000000001,0.00030483426753846293,0.0009159412744402854,1.0
0.9917199999999999,0.0003048624443934263,0.0009159694512952488,1.0
0.9919,0.00030489058998319055,0.000915997596885013,1.0
0.9920800000000001,0.0003049187043589844,0.0009160257112608069,1.0
0.99226,0.00030494678757183636,0.0009160537944736589,1.0
0.99244,0.00030497483967271456,0.000916081846574537,1.0
0.9926200000000001,0.0003050028607124229,0.0009161098676142454,1.0
0.9928,0.00030503085074173804,0.0009161378576435606,1.0
0.99298,0.000305058809811248,0.0009161658167130705,1.0
0.99316,0.0003050867379714718,0.0009161937448732943,1.0
0.99334,0.0003051146352728079,0.0009162216421746304,1.0
0.99352,0.00030514250176558075,0.0009162495086674032,1.0
0.9937,0.000305170337499929,0.0009162773444017515,1.0
0.99388,0.0003051981425260314,0.0009163051494278538,1.0
0.9940599999999999,0.0003052259168937632,0.0009163329237955857,1.0
0.99424,0.000305253660653048,0.0009163606675548705,1.0
0.9944200000000001,0.00030528137385365004,0.0009163883807554725,1.0
0.9945999999999999,0.000305309056545213,0.0009164160634470355,1.0
0.99478,0.000305336708777305,0.0009164437156791275,1.0
0.9949600000000001,0.0003053643305993301,0.0009164713375011525,1.0
0.99514,0.00030539192206069,0.0009164989289625126,1.0
0.99532,0.00030541948321060973,0.0009165264901124322,1.0
0.9955,0.00030544701409815654,0.0009165540209999791,1.0
0.99568,0.0003054745147724718,0.0009165815216742943,1.0
0.99586,0.00030550198528235745,0.0009166089921841799,1.0
0.99604,0.0003055294256767035,0.0009166364325785259,1.0
0.99622,0.00030555683600426767,0.0009166638429060902,1.0
0.9964,0.0003055842163135495,0.000916691223215372,1.0
0.99658,0.0003056115666531458,0.0009167185735549682,1.0
0.99676,0.0003056388870714493,0.0009167458939732718,1.0
0.9969399999999999,0.00030566617761675524,0.0009167731845185778,1.0
0.99712,0.00030569343833719873,0.0009168004452390212,1.0
0.9973000000000001,0.00030572066928103564,0.0009168276761828581,1.0
0.9974799999999999,0.00030574787049613707,0.0009168548773979596,1.0
0.99766,0.0003057750420304239,0.0009168820489322464,1.0
0.9978400000000001,0.00030580218393175414,0.0009169091908335766,1.0
0.99802,0.00030582929624774555,0.0009169363031495681,1.0
0.9982,0.00030585637902604424,0.0009169633859278667,1.0
0.99838,0.0003058834323141272,0.0009169904392159498,1.0
0.99856,0.00030591045615940257,0.000917017463061225,1.0
0.99874,0.0003059374506091339,0.0009170444575109563,1.0
0.99892,0.00030596441571051613,0.0009170714226123386,1.0
0.9991,0.00030599135151071456,0.000917098358412537,1.0
0.99928,0.0003060182580566608,0.0009171252649584833,1.0
0.99946,0.00030604513539526354,0.0009171521422970861,1.0
0.9996400000000001,0.0003060719835733328,0.0009171789904751553,1.0
0.9998199999999999,0.00030609880263755146,0.0009172058095393739,1.0
1.0,0.00030612559263453593,0.0009172325995363584,1.0
1.00018,0.00030615235361080906,0.0009172593605126316,1.0
1.0003600000000001,0.0003061790856127435,0.000917286092514566,1.0
1.00054,0.00030620578868669797,0.0009173127955885204,1.0
1.00072,0.0003062324628788377,0.0009173394697806602,1.0
1.0009000000000001,0.00030625910823529645,0.000917366115137119,1.0
1.00108,0.00030628572480210744,0.0009173927317039299,1.0
1.00126,0.0003063123126251753,0.0009174193195269978,1.0
1.00144,0.0003063388717503111,0.0009174458786521336,1.0
1.00162,0.00030636540222329375,0.0009174724091251163,1.0
1.0018,0.000306391904089755,0.0009174989109915774,1.0
1.00198,0.00030641837739520003,0.0009175253842970226,1.0
1.00216,0.0003064448221850946,0.0009175518290869171,1.0
1.00234,0.0003064712385048124,0.000917578245406635,1.0
1.00252,0.0003064976263995776,0.0009176046333014001,1.0
1.0027,0.0003065239859145368,0.0009176309928163593,1.0
1.00288,0.00030655031709481357,0.000917657323996636,1.0
1.00306,0.00030657661998536716,0.0009176836268871896,1.0
1.00324,0.0003066028946310315,0.000917709901532854,1.0
1.00342,0.0003066291410766158,0.0009177361479784383,1.0
1.0036,0.0003066553593668746,0.0009177623662686971,1.0
1.00378,0.0003066815495463203,0.0009177885564481428,1.0
1.00396,0.0003067077116595256,0.0009178147185613481,1.0
1.00414,0.0003067338457508544,0.0009178408526526768,1.0
1.0043199999999999,0.0003067599518646997,0.0009178669587665222,1.0
1.0045,0.00030678603004523163,0.0009178930369470541,1.0
1.00468,0.00030681208033660125,0.0009179190872384237,1.0
1.00486,0.00030683810278292034,0.0009179451096847428,1.0
1.00504,0.00030686409742803353,0.000917971104329856,1.0
1.00522,0.0003068900643159203,0.0009179970712177428,1.0
1.0054,0.00030691600349029124,0.0009180230103921137,1.0
1.0055800000000001,0.0003069419149948165,0.000918048921896639,1.0
1.00576,0.00030696779887313334,0.0009180748057749558,1.0
1.00594,0.00030699365516875294,0.0009181006620705755,1.0
1.0061200000000001,0.00030701948392505455,0.000918126490826877,1.0
1.0063,0.00030704528518541406,0.0009181522920872365,1.0
1.00648,0.0003070710589929859,0.0009181780658948085,1.0
1.00666,0.0003070968053910032,0.0009182038122928257,1.0
1.00684,0.0003071225244224479,0.0009182295313242704,1.0
1.00702,0.0003071482161303788,0.0009182552230322013,1.0
1.0072,0.00030717388055758377,0.0009182808874594063,1.0
1.00738,0.00030719951774691866,0.0009183065246487411,1.0
1.00756,0.00030722512774105027,0.0009183321346428728,1.0
1.00774,0.0003072507105825954,0.0009183577174844179,1.0
1.00792,0.0003072762663141242,0.0009183832732159467,1.0
1.0081,0.00030730179497805187,0.0009184088018798744,1.0
1.00828,0.0003073272966167353,0.0009184343035185578,1.0
1.00846,0.0003073527712724101,0.0009184597781742326,1.0
1.00864,0.0003073782189873331,0.0009184852258891556,1.0
1.00882,0.0003074036398035201,0.0009185106467053426,1.0
1.009,0.00030742903376303687,0.0009185360406648594,1.0
1.00918,0.000307454400907739,0.0009185614078095615,1.0
1.00936,0.0003074797412795175,0.00091858674818134,1.0
1.0095399999999999,0.0003075050549201192,0.0009186120618219417,1.0
1.00972,0.0003075303418711554,0.0009186373487729779,1.0
1.0099,0.0003075556021743076,0.00091866260907613,1.0
1.0100799999999999,0.00030758083587093817,0.0009186878427727607,1.0
1.01026,0.0003076060430025589,0.0009187130499043814,1.0
1.01044,0.00030763122361044613,0.0009187382305122687,1.0
1.01062,0.0003076563777359146,0.0009187633846377371,1.0
1.0108000000000001,0.00030768150542000963,0.0009187885123218321,1.0
1.01098,0.0003077066067038699,0.0009188136136056924,1.0
1.01116,0.0003077316816284669,0.0009188386885302894,1.0
1.0113400000000001,0.0003077567302347003,0.0009188637371365228,1.0
1.01152,0.00030778175256342675,0.0009188887594652492,1.0
1.0117,0.0003078067486553538,0.0009189137555571762,1.0
1.0118800000000001,0.00030783171855114133,0.0009189387254529638,1.0
1.01206,0.0003078566622913754,0.0009189636691931979,1.0
1.01224,0.0003078815799165075,0.00091898858681833,1.0
1.01242,0.00030790647146698946,0.000919013478368812,1.0
1.0126,0.00030793133698311427,0.0009190383438849368,1.0
1.01278,0.0003079561765052115,0.000919063183407034,1.0
1.01296,0.00030798099007332466,0.0009190879969751472,1.0
1.01314,0.00030800577772759817,0.0009191127846294206,1.0
1.01332,0.00030803053950800055,0.000919137546409823,1.0
1.0135,0.0003080552754545189,0.0009191622823563414,1.0
1.01368,0.0003080799856069151,0.0009191869925087375,1.0
1.01386,0.00030810467000498776,0.0009192116769068102,1.0
1.01404,0.0003081293286884015,0.0009192363355902239,1.0
1.01422,0.00030815396169680853,0.0009192609685986311,1.0
1.0144,0.0003081785690695554,0.000919285575971378,1.0
1.01458,0.0003082031508462639,0.0009193101577480864,1.0
1.0147599999999999,0.0003082277070662294,0.000919334713968052,1.0
1.01494,0.00030825223776872443,0.0009193592446705469,1.0
1.01512,0.00030827674299290723,0.0009193837498947297,1.0
1.0152999999999999,0.00030830122277801205,0.0009194082296798345,1.0
1.01548,0.0003083256771629489,0.0009194326840647714,1.0
1.01566,0.0003083501061867324,0.0009194571130885548,1.0
1.01584,0.00030837450988822733,0.0009194815167900498,1.0
1.01602,0.0003083988883063269,0.0009195058952081494,1.0
1.0162,0.0003084232414796588,0.0009195302483814813,1.0
1.01638,0.00030844756944690645,0.0009195545763487289,1.0
1.0165600000000001,0.0003084718722466345,0.000919578879148457,1.0
1.01674,0.0003084961499173563,0.0009196031568191788,1.0
1.01692,0.0003085204024974774,0.0009196274093993,1.0
1.0171000000000001,0.00030854463002529816,0.0009196516369271207,1.0
1.01728,0.00030856883253914863,0.0009196758394409712,1.0
1.01746,0.0003085930100771901,0.0009197000169790126,1.0
1.01764,0.00030861716267748267,0.0009197241695793052,1.0
1.01782,0.00030864129037816673,0.0009197482972799892,1.0
1.018,0.00030866539321708266,0.0009197724001189051,1.0
1.01818,0.0003086894712321836,0.0009197964781340061,1.0
1.01836,0.0003087135244612607,0.0009198205313630832,1.0
1.01854,0.0003087375529420389,0.0009198445598438613,1.0
1.01872,0.0003087615567121277,0.0009198685636139501,1.0
1.0189,0.00030878553580920295,0.0009198925427110255,1.0
1.01908,0.000308809490270679,0.0009199164971725015,1.0
1.01926,0.00030883342013402393,0.0009199404270358464,1.0
1.01944,0.0003088573254366019,0.0009199643323384244,1.0
1.01962,0.0003088812062156516,0.000919988213117474,1.0
1.0198,0.00030890506250842275,0.0009200120694102452,1.0
1.0199799999999999,0.00030892889435201045,0.0009200359012538329,1.0
1.02016,0.00030895270178351664,0.0009200597086853391,1.0
1.02034,0.0003089764848398763,0.0009200834917416987,1.0
1.0205199999999999,0.00030900024355801504,0.0009201072504598375,1.0
1.0207,0.00030902397797477317,0.0009201309848765957,1.0
1.02088,0.00030904768812694373,0.0009201546950287662,1.0
1.02106,0.00030907137405114185,0.0009201783809529643,1.0
1.02124,0.0003090950357840583,0.0009202020426858808,1.0
1.02142,0.00030911867336223673,0.0009202256802640593,1.0
1.0216,0.0003091422868220473,0.0009202492937238698,1.0
1.0217800000000001,0.0003091658762000223,0.0009202728831018448,1.0
1.02196,0.00030918944153240767,0.0009202964484342302,1.0
1.02214,0.00030921298285546044,0.0009203199897572829,1.0
1.0223200000000001,0.0003092365002054089,0.0009203435071072313,1.0
1.0225,0.0003092599936183348,0.0009203670005201573,1.0
1.02268,0.0003092834631302724,0.0009203904700320949,1.0
1.02286,0.0003093069087772274,0.0009204139156790499,1.0
1.02304,0.000309330330595041,0.0009204373374968634,1.0
1.02322,0.00030935372861959267,0.0009204607355214152,1.0
1.0234,0.00030937710288663937,0.0009204841097884618,1.0
1.02358,0.0003094004534317873,0.0009205074603336098,1.0
1.02376,0.00030942378029073314,0.0009205307871925556,1.0
1.02394,0.0003094470834990199,0.0009205540904008424,1.0
1.02412,0.00030947036309207957,0.0009205773699939021,1.0
1.0243,0.00030949361910534955,0.000920600626007172,1.0
1.02448,0.0003095168515741521,0.0009206238584759745,1.0
1.02466,0.0003095400605337404,0.0009206470674355629,1.0
1.02484,0.0003095632460193266,0.000920670252921149,1.0
1.02502,0.00030958640806603516,0.0009206934149678576,1.0
1.0252,0.0003096095467089134,0.0009207165536107358,1.0
1.02538,0.0003096326619829625,0.000920739668884785,1.0
1.02556,0.0003096557539231251,0.0009207627608249476,1.0
1.0257399999999999,0.00030967882256419425,0.0009207858294660167,1.0
1.02592,0.00030970186794100814,0.0009208088748428306,1.0
1.0261,0.0003097248900882439,0.0009208318969900664,1.0
1.02628,0.0003097478890405844,0.0009208548959424069,1.0
1.02646,0.0003097708648325617,0.0009208778717343842,1.0
1.02664,0.00030979381749872664,0.0009209008244005491,1.0
1.02682,0.0003098167470735242,0.0009209237539753467,1.0
1.0270000000000001,0.00030983965359125047,0.000920946660493073,1.0
1.02718,0.0003098625370863337,0.0009209695439881562,1.0
1.02736,0.0003098853975929497,0.0009209924044947721,1.0
1.0275400000000001,0.0003099082351453035,0.000921015242047126,1.0
1.02772,0.0003099310497774329,0.0009210380566792554,1.0
1.0279,0.0003099538415234664,0.0009210608484252888,1.0
1.02808,0.0003099766104173345,0.000921083617319157,1.0
1.02826,0.00030999935649295385,0.0009211063633947764,1.0
1.02844,0.0003100220797841518,0.0009211290866859743,1.0
1.02862,0.00031004478032475277,0.0009211517872265752,1.0
1.0288,0.0003100674581484312,0.0009211744650502537,1.0
1.02898,0.0003100901132887799,0.0009211971201906024,1.0
1.02916,0.0003101127457794898,0.0009212197526813123,1.0
1.02934,0.0003101353556539987,0.0009212423625558212,1.0
1.02952,0.00031015794294576594,0.0009212649498475884,1.0
1.0297,0.0003101805076881837,0.0009212875145900063,1.0
1.02988,0.00031020304991456076,0.0009213100568163832,1.0
1.03006,0.0003102255696581831,0.0009213325765600057,1.0
1.03024,0.0003102480669522256,0.0009213550738540481,1.0
1.03042,0.00031027054182978,0.0009213775487316025,1.0
1.0306,0.0003102929943239386,0.0009214000012257611,1.0
1.03078,0.0003103154244677038,0.0009214224313695263,1.0
1.0309599999999999,0.0003103378322940111,0.0009214448391958336,1.0
1.03114,0.0003103602178357065,0.000921467224737529,1.0
1.03132,0.000310382581125589,0.0009214895880274114,1.0
1.0315,0.00031040492219641284,0.0009215119290982353,1.0
1.03168,0.00031042724108086903,0.0009215342479826916,1.0
1.03186,0.0003104495378115892,0.0009215565447134117,1.0
1.03204,0.00031047181242105425,0.0009215788193228767,1.0
1.0322200000000001,0.00031049406494186013,0.0009216010718436827,1.0
1.0324,0.00031051629540629545,0.0009216233023081179,1.0
1.03258,0.0003105385038468494,0.0009216455107486719,1.0
1.0327600000000001,0.00031056069029576037,0.0009216676971975828,1.0
1.03294,0.00031058285478529913,0.0009216898616871217,1.0
1.03312,0.00031060499734760107,0.0009217120042494236,1.0
1.0333,0.00031062711801481093,0.0009217341249166335,1.0
1.03348,0.00031064921681899275,0.0009217562237208152,1.0
1.03366,0.0003106712937921241,0.0009217783006939466,1.0
1.03384,0.0003106933489661153,0.0009218003558679377,1.0
1.03402,0.0003107153823728729,0.0009218223892746954,1.0
1.0342,0.0003107373940441764,0.0009218444009459988,1.0
1.03438,0.00031075938401177374,0.0009218663909135962,1.0
1.03456,0.0003107813523073475,0.00092188835920917,1.0
1.03474,0.0003108032989625769,0.0009219103058643993,1.0
1.03492,0.00031082522400891356,0.000921932230910736,1.0
1.0351,0.00031084712747797235,0.0009219541343797948,1.0
1.03528,0.00031086900940112085,0.0009219760163029433,1.0
1.03546,0.0003108908698097766,0.0009219978767115991,1.0
1.03564,0.000310912708735283,0.0009220197156371055,1.0
1.03582,0.0003109345262088589,0.0009220415331106814,1.0
1.036,0.0003109563222616964,0.0009220633291635189,1.0
1.0361799999999999,0.00031097809692499337,0.0009220851038268159,1.0
1.03636,0.0003109998502297869,0.0009221068571316094,1.0
1.03654,0.00031102158220711534,0.0009221285891089378,1.0
1.0367199999999999,0.0003110432928879675,0.00092215029978979,1.0
1.0369,0.00031106498230321387,0.0009221719892050363,1.0
1.03708,0.00031108665048370425,0.0009221936573855267,1.0
1.03726,0.0003111082974602559,0.0009222153043620784,1.0
1.0374400000000001,0.0003111299232635538,0.0009222369301653763,1.0
1.03762,0.0003111515279242791,0.0009222585348261016,1.0
1.0378,0.00031117311147307224,0.0009222801183748947,1.0
1.0379800000000001,0.00031119467394047096,0.0009223016808422935,1.0
1.03816,0.00031121621535696583,0.0009223232222587883,1.0
1.03834,0.0003112377357530171,0.0009223447426548396,1.0
1.03852,0.00031125923515894514,0.0009223662420607677,1.0
1.0387,0.0003112807136051134,0.0009223877205069359,1.0
1.03888,0.00031130217112181296,0.0009224091780236354,1.0
1.03906,0.00031132360773922663,0.0009224306146410491,1.0
1.03924,0.00031134502348743496,0.0009224520303892574,1.0
1.03942,0.0003113664183966328,0.0009224734252984554,1.0
1.0396,0.0003113877924967833,0.0009224947993986057,1.0
1.03978,0.0003114091458179175,0.00092251615271974,1.0
1.03996,0.00031143047838992985,0.0009225374852917523,1.0
1.04014,0.00031145179024269645,0.000922558797144519,1.0
1.04032,0.00031147308140598313,0.0009225800883078056,1.0
1.0405,0.000311494351909596,0.0009226013588114185,1.0
1.04068,0.00031151560178322064,0.0009226226086850431,1.0
1.04086,0.0003115368310564507,0.0009226438379582732,1.0
1.04104,0.00031155803975890166,0.0009226650466607241,1.0
1.04122,0.0003115792279201094,0.0009226862348219319,1.0
1.0413999999999999,0.0003116003955695369,0.0009227074024713594,1.0
1.04158,0.0003116215427365799,0.0009227285496384023,1.0
1.04176,0.0003116426694506133,0.0009227496763524358,1.0
1.0419399999999999,0.00031166377574097563,0.0009227707826427981,1.0
1.04212,0.0003116848616368666,0.0009227918685386892,1.0
1.0423,0.0003117059271674617,0.0009228129340692842,1.0
1.04248,0.00031172697236198993,0.0009228339792638125,1.0
1.04266,0.00031174799724942325,0.0009228550041512457,1.0
1.04284,0.0003117690018588867,0.0009228760087607092,1.0
1.04302,0.00031178998621933415,0.0009228969931211566,1.0
1.0432000000000001,0.00031181095035964795,0.0009229179572614705,1.0
1.04338,0.00031183189430869865,0.0009229389012105211,1.0
1.04356,0.00031185281809530444,0.0009229598249971269,1.0
1.0437400000000001,0.0003118737217482645,0.000922980728650087,1.0
1.04392,0.00031189460529623485,0.0009230016121980573,1.0
1.0441,0.0003119154687679013,0.0009230224756697238,1.0
1.04428,0.00031193631219179836,0.0009230433190936208,1.0
1.04446,0.00031195713559653375,0.0009230641424983562,1.0
1.04464,0.00031197793901058555,0.0009230849459124081,1.0
1.04482,0.00031199872246233504,0.0009231057293641575,1.0
1.045,0.00031201948598023513,0.0009231264928820577,1.0
1.04518,0.00031204022959258786,0.0009231472364944103,1.0
1.04536,0.00031206095332763837,0.0009231679602294609,1.0
1.04554,0.0003120816572136586,0.0009231886641154811,1.0
1.04572,0.00031210234127876493,0.0009232093481805874,1.0
1.0459,0.0003121230055511467,0.0009232300124529691,1.0
1.04608,0.00031214365005881724,0.0009232506569606398,1.0
1.04626,0.000312164274829825,0.0009232712817316475,1.0
1.04644,0.0003121848798920721,0.0009232918867938945,1.0
1.0466199999999999,0.0003122054652735267,0.0009233124721753492,1.0
1.0468,0.0003122260310019921,0.0009233330379038146,1.0
1.04698,0.00031224657710532936,0.0009233535840071519,1.0
1.0471599999999999,0.0003122671036112577,0.0009233741105130803,1.0
1.04734,0.00031228761054749956,0.000923394617449322,1.0
1.04752,0.000312308097941674,0.0009234151048434964,1.0
1.0477,0.0003123285658213791,0.0009234355727232016,1.0
1.04788,0.00031234901421420746,0.00092345602111603,1.0
1.04806,0.00031236944314762277,0.0009234764500494453,1.0
1.04824,0.0003123898526490759,0.0009234968595508983,1.0
1.0484200000000001,0.0003124102427459377,0.0009235172496477601,1.0
1.0486,0.0003124306134655592,0.0009235376203673817,1.0
1.04878,0.0003124509648352775,0.0009235579717371001,1.0
1.0489600000000001,0.00031247129688225867,0.0009235783037840812,1.0
1.04914,0.00031249160963379795,0.0009235986165356204,1.0
1.04932,0.00031251190311691254,0.000923618910018735,1.0
1.0495,0.0003125321773587802,0.0009236391842606026,1.0
1.04968,0.0003125524323863808,0.0009236594392882033,1.0
1.04986,0.00031257266822679644,0.000923679675128619,1.0
1.05004,0.00031259288490685156,0.000923699891808674,1.0
1.05022,0.0003126130824535115,0.000923720089355334,1.0
1.0504,0.0003126332608936168,0.0009237402677954393,1.0
1.05058,0.0003126534202538982,0.0009237604271557208,1.0
1.05076,0.00031267356056116137,0.0009237805674629839,1.0
1.05094,0.0003126936818420841,0.0009238006887439065,1.0
1.05112,0.0003127137841233159,0.0009238207910251384,1.0
1.0513,0.000312733867431381,0.0009238408743332035,1.0
1.05148,0.00031275393179293294,0.0009238609386947555,1.0
1.05166,0.0003127739772343904,0.0009238809841362128,1.0
1.0518399999999999,0.00031279400378221453,0.000923901010684037,1.0
1.05202,0.0003128140114628323,0.0009239210183646547,1.0
1.0522,0.00031283400030257064,0.0009239410072043931,1.0
1.0523799999999999,0.00031285397032770494,0.0009239609772295275,1.0
1.0525600000000002,0.00031287392156455424,0.0009239809284663767,1.0
1.05274,0.00031289385403926716,0.0009240008609410896,1.0
1.0529199999999999,0.0003129137677780376,0.0009240207746798601,1.0
1.0531000000000001,0.0003129336628069254,0.0009240406697087479,1.0
1.05328,0.00031295353915204217,0.0009240605460538647,1.0
1.0534599999999998,0.0003129733968393819,0.0009240804037412044,1.0
1.0536400000000001,0.00031299323589491375,0.0009241002427967362,1.0
1.05382,0.00031301305634452015,0.0009241200632463427,1.0
1.054,0.00031303285821411277,0.0009241398651159353,1.0
1.0541800000000001,0.00031305264152952365,0.0009241596484313461,1.0
1.05436,0.00031307240631650547,0.000924179413218328,1.0
1.05454,0.0003130921526007519,0.0009241991595025745,1.0
1.05472,0.00031311188040804684,0.0009242188873098693,1.0
1.0549,0.00031313158976390543,0.0009242385966657279,1.0
1.05508,0.0003131512806939538,0.0009242582875957763,1.0
1.05526,0.00031317095322379545,0.0009242779601256179,1.0
1.05544,0.00031319060737883633,0.0009242976142806588,1.0
1.05562,0.0003132102431845532,0.0009243172500863757,1.0
1.0558,0.00031322986066640473,0.0009243368675682272,1.0
1.05598,0.00031324945984964505,0.0009243564667514675,1.0
1.05616,0.0003132690407596555,0.000924376047661478,1.0
1.05634,0.0003132886034216797,0.0009243956103235022,1.0
1.05652,0.0003133081478609588,0.0009244151547627813,1.0
1.0567,0.00031332767410258415,0.0009244346810044066,1.0
1.05688,0.00031334718217176455,0.000924454189073587,1.0
1.0570599999999999,0.0003133666720935338,0.0009244736789953563,1.0
1.05724,0.0003133861438929597,0.0009244931507947822,1.0
1.05742,0.00031340559759499925,0.0009245126044968217,1.0
1.0575999999999999,0.00031342503322459505,0.0009245320401264175,1.0
1.0577800000000002,0.00031344445080665575,0.0009245514577084782,1.0
1.05796,0.0003134638503660559,0.0009245708572678784,1.0
1.0581399999999999,0.00031348323192754665,0.0009245902388293691,1.0
1.0583200000000001,0.0003135025955159178,0.0009246096024177403,1.0
1.0585,0.00031352194115589013,0.0009246289480577127,1.0
1.0586799999999998,0.0003135412688721438,0.0009246482757739663,1.0
1.0588600000000001,0.00031356057868933967,0.0009246675855911622,1.0
1.05904,0.0003135798706319659,0.0009246868775337883,1.0
1.05922,0.0003135991447246251,0.0009247061516264476,1.0
1.0594000000000001,0.0003136184009917919,0.0009247254078936144,1.0
1.05958,0.0003136376394579452,0.0009247446463597677,1.0
1.05976,0.00031365686014745244,0.0009247638670492749,1.0
1.05994,0.0003136760630846689,0.0009247830699864914,1.0
1.06012,0.00031369524829398743,0.00092480225519581,1.0
1.0603,0.00031371441579960957,0.0009248214227014321,1.0
1.06048,0.0003137335656257817,0.0009248405725276042,1.0
1.06066,0.0003137526977966975,0.00092485970469852,1.0
1.06084,0.00031377181233649133,0.0009248788192383138,1.0
1.06102,0.0003137909092692591,0.0009248979161710815,1.0
1.0612,0.0003138099886190783,0.0009249169955209008,1.0
1.06138,0.00031382905040995015,0.0009249360573117726,1.0
1.06156,0.0003138480946657918,0.0009249551015676142,1.0
1.06174,0.0003138671214106173,0.0009249741283124397,1.0
1.06192,0.0003138861306682553,0.0009249931375700778,1.0
1.0621,0.0003139051224626002,0.0009250121293644226,1.0
1.06228,0.00031392409681735994,0.0009250311037191824,1.0
1.06246,0.00031394305375634775,0.0009250500606581703,1.0
1.06264,0.0003139619933032696,0.0009250690002050921,1.0
1.0628199999999999,0.0003139809154818099,0.0009250879223836324,1.0
1.063,0.0003139998203155533,0.0009251068272173757,1.0
1.06318,0.00031401870782813335,0.0009251257147299558,1.0
1.0633599999999999,0.00031403757804303984,0.0009251445849448623,1.0
1.0635400000000002,0.0003140564309837913,0.0009251634378856137,1.0
1.06372,0.0003140752666738733,0.0009251822735756958,1.0
1.0638999999999998,0.00031409408513665213,0.0009252010920384746,1.0
1.0640800000000001,0.00031411288639556726,0.0009252198932973897,1.0
1.06426,0.00031413167047388517,0.0009252386773757077,1.0
1.06444,0.00031415043739494824,0.0009252574442967707,1.0
1.0646200000000001,0.00031416918718193097,0.0009252761940837535,1.0
1.0648,0.00031418791985817916,0.0009252949267600016,1.0
1.06498,0.0003142066354466992,0.0009253136423485217,1.0
1.06516,0.00031422533397072917,0.0009253323408725516,1.0
1.06534,0.00031424401545330864,0.0009253510223551311,1.0
1.06552,0.00031426267991745496,0.0009253696868192774,1.0
1.0657,0.0003142813273862162,0.0009253883342880387,1.0
1.06588,0.0003142999578825206,0.0009254069647843431,1.0
1.06606,0.0003143185714293154,0.0009254255783311379,1.0
1.06624,0.00031433716804946723,0.0009254441749512897,1.0
1.06642,0.0003143557477657984,0.0009254627546676209,1.0
1.0666,0.00031437431060110096,0.0009254813175029234,1.0
1.06678,0.00031439285657817626,0.0009254998634799987,1.0
1.06696,0.0003144113857196889,0.0009255183926215114,1.0
1.06714,0.00031442989804836947,0.000925536904950192,1.0
1.06732,0.00031444839358678913,0.0009255554004886117,1.0
1.0675,0.0003144668723576098,0.0009255738792594323,1.0
1.06768,0.00031448533438333253,0.000925592341285155,1.0
1.06786,0.00031450377968648534,0.0009256107865883078,1.0
1.0680399999999999,0.00031452220828956514,0.0009256292151913876,1.0
1.06822,0.00031454062021497934,0.0009256476271168018,1.0
1.0684,0.00031455901548513835,0.0009256660223869609,1.0
1.0685799999999999,0.0003145773941224052,0.0009256844010242277,1.0
1.0687600000000002,0.0003145957561490997,0.0009257027630509222,1.0
1.06894,0.0003146141015874832,0.0009257211084893057,1.0
1.0691199999999998,0.0003146324304597874,0.0009257394373616099,1.0
1.0693000000000001,0.0003146507427882206,0.000925757749690043,1.0
1.06948,0.00031466903859493845,0.000925776045496761,1.0
1.0696599999999998,0.00031468731790208754,0.0009257943248039101,1.0
1.0698400000000001,0.000314705580731692,0.0009258125876335145,1.0
1.07002,0.0003147238271058784,0.0009258308340077009,1.0
1.0702,0.00031474205704654296,0.0009258490639483654,1.0
1.07038,0.0003147602705757251,0.0009258672774775476,1.0
1.07056,0.0003147784677153621,0.0009258854746171845,1.0
1.07074,0.00031479664848727836,0.0009259036553891009,1.0
1.07092,0.0003148148129133591,0.0009259218198151816,1.0
1.0711,0.00031483296101543604,0.0009259399679172585,1.0
1.07128,0.00031485109281521683,0.0009259580997170393,1.0
1.07146,0.0003148692083344865,0.000925976215236309,1.0
1.07164,0.00031488730759492194,0.0009259943144967445,1.0
1.07182,0.0003149053906182146,0.0009260123975200371,1.0
1.072,0.00031492345742591875,0.0009260304643277412,1.0
1.07218,0.00031494150803966194,0.0009260485149414845,1.0
1.07236,0.0003149595424809827,0.0009260665493828052,1.0
1.07254,0.00031497756077137007,0.0009260845676731925,1.0
1.07272,0.0003149955629322852,0.0009261025698341077,1.0
1.0729,0.00031501354898521406,0.0009261205558870366,1.0
1.07308,0.00031503151895147556,0.000926138525853298,1.0
1.0732599999999999,0.00031504947285246164,0.0009261564797542841,1.0
1.07344,0.00031506741070946013,0.0009261744176112827,1.0
1.07362,0.0003150853325438028,0.0009261923394456253,1.0
1.0737999999999999,0.0003151032383767156,0.0009262102452785382,1.0
1.0739800000000002,0.0003151211282293689,0.0009262281351311914,1.0
1.07416,0.00031513900212298785,0.0009262460090248103,1.0
1.0743399999999999,0.00031515686007865476,0.0009262638669804773,1.0
1.0745200000000001,0.0003151747021174904,0.0009262817090193128,1.0
1.0747,0.0003151925282605641,0.0009262995351623866,1.0
1.0748799999999998,0.0003152103385288461,0.0009263173454306685,1.0
1.0750600000000001,0.00031522813294338034,0.0009263351398452028,1.0
1.07524,0.0003152459115250606,0.000926352918426883,1.0
1.07542,0.0003152636742948576,0.0009263706811966802,1.0
1.0756000000000001,0.0003152814212736009,0.0009263884281754234,1.0
1.07578,0.00031529915248212253,0.000926406159383945,1.0
1.07596,0.000315316867941278,0.0009264238748431005,1.0
1.07614,0.0003153345676718108,0.0009264415745736333,1.0
1.07632,0.0003153522516944167,0.0009264592585962392,1.0
1.0765,0.00031536992002981933,0.0009264769269316418,1.0
1.07668,0.0003153875726987019,0.0009264945796005244,1.0
1.07686,0.0003154052097216075,0.0009265122166234299,1.0
1.07704,0.00031542283111922676,0.0009265298380210492,1.0
1.07722,0.00031544043691201997,0.0009265474438138425,1.0
1.0774,0.0003154580271205441,0.0009265650340223666,1.0
1.07758,0.000315475601765291,0.0009265826086671135,1.0
1.07776,0.00031549316086670236,0.0009266001677685248,1.0
1.07794,0.00031551070444515105,0.0009266177113469735,1.0
1.07812,0.0003155282325210117,0.0009266352394228342,1.0
1.0783,0.00031554574511464796,0.0009266527520164704,1.0
1.0784799999999999,0.0003155632422463934,0.0009266702491482158,1.0
1.07866,0.00031558072393644463,0.0009266877308382671,1.0
1.07884,0.00031559819020506426,0.0009267051971068867,1.0
1.0790199999999999,0.0003156156410724664,0.0009267226479742889,1.0
1.0792000000000002,0.0003156330765588229,0.0009267400834606454,1.0
1.07938,0.0003156504966842101,0.0009267575035860325,1.0
1.0795599999999999,0.0003156679014687564,0.0009267749083705788,1.0
1.0797400000000001,0.00031568529093253225,0.0009267922978343547,1.0
1.07992,0.0003157026650955199,0.0009268096719973423,1.0
1.0800999999999998,0.0003157200239777399,0.0009268270308795624,1.0
1.0802800000000001,0.0003157373675991805,0.0009268443745010029,1.0
1.08046,0.00031575469597967516,0.0009268617028814976,1.0
1.08064,0.0003157720091392044,0.0009268790160410268,1.0
1.0808200000000001,0.0003157893070975208,0.0009268963139993432,1.0
1.081,0.00031580658987453633,0.0009269135967763588,1.0
1.08118,0.0003158238574899695,0.0009269308643917919,1.0
1.08136,0.00031584110996358313,0.0009269481168654056,1.0
1.08154,0.0003158583473151334,0.0009269653542169559,1.0
1.08172,0.00031587556956427245,0.0009269825764660949,1.0
1.0819,0.0003158927767306078,0.0009269997836324303,1.0
1.08208,0.0003159099688338429,0.0009270169757356653,1.0
1.08226,0.0003159271458935036,0.0009270341527953261,1.0
1.08244,0.0003159443079291263,0.0009270513148309488,1.0
1.08262,0.0003159614549602273,0.0009270684618620498,1.0
1.0828,0.0003159785870063154,0.000927085593908138,1.0
1.08298,0.000315995704086839,0.0009271027109886615,1.0
1.08316,0.0003160128062212097,0.0009271198131230321,1.0
1.08334,0.00031602989342876533,0.0009271369003305878,1.0
1.08352,0.00031604696572889323,0.0009271539726307158,1.0
1.0836999999999999,0.00031606402314086516,0.0009271710300426876,1.0
1.08388,0.0003160810656840426,0.0009271880725858651,1.0
1.08406,0.00031609809337760655,0.000927205100279429,1.0
1.0842399999999999,0.00031611510624077286,0.0009272221131425953,1.0
1.0844200000000002,0.0003161321042927628,0.0009272391111945853,1.0
1.0846,0.0003161490875526864,0.0009272560944545089,1.0
1.0847799999999999,0.00031616605603969783,0.0009272730629415203,1.0
1.0849600000000001,0.00031618300977284366,0.0009272900166746661,1.0
1.08514,0.0003161999487711948,0.0009273069556730172,1.0
1.0853199999999998,0.0003162168730537914,0.0009273238799556139,1.0
1.0855000000000001,0.00031623378263960007,0.0009273407895414225,1.0
1.08568,0.00031625067754754554,0.000927357684449368,1.0
1.08586,0.00031626755779657543,0.000927374564698398,1.0
1.0860400000000001,0.00031628442340561353,0.000927391430307436,1.0
1.08622,0.00031630127439346987,0.0009274082812952924,1.0
1.0864,0.0003163181107789799,0.0009274251176808023,1.0
1.08658,0.00031633493258097537,0.0009274419394827979,1.0
1.08676,0.00031635173981818526,0.0009274587467200078,1.0
1.08694,0.0003163685325092966,0.0009274755394111192,1.0
1.08712,0.00031638531067312034,0.0009274923175749428,1.0
1.0873,0.0003164020743282079,0.0009275090812300304,1.0
1.08748,0.00031641882349326745,0.0009275258303950899,1.0
1.08766,0.00031643555818686994,0.0009275425650886924,1.0
1.08784,0.000316452278427598,0.0009275592853294205,1.0
1.08802,0.0003164689842339888,0.0009275759911358113,1.0
1.0882,0.00031648567562454663,0.0009275926825263691,1.0
1.08838,0.0003165023526177889,0.0009276093595196114,1.0
1.08856,0.0003165190152321016,0.000927626022133924,1.0
1.08874,0.0003165356634859401,0.0009276426703877626,1.0
1.0889199999999999,0.0003165522973976545,0.0009276593042994771,1.0
1.0891,0.00031656891698563405,0.0009276759238874565,1.0
1.08928,0.00031658552226816505,0.0009276925291699875,1.0
1.0894599999999999,0.00031660211326359927,0.0009277091201654218,1.0
1.08964,0.00031661868999012977,0.0009277256968919523,1.0
1.08982,0.00031663525246601604,0.0009277422593678385,1.0
1.0899999999999999,0.0003166518007094572,0.0009277588076112797,1.0
1.0901800000000001,0.0003166683347386287,0.0009277753416404512,1.0
1.09036,0.00031668485457166757,0.0009277918614734901,1.0
1.0905399999999998,0.00031670136022661396,0.0009278083671284364,1.0
1.0907200000000001,0.00031671785172167,0.0009278248586234925,1.0
1.0909,0.0003167343290747639,0.0009278413359765864,1.0
1.09108,0.0003167507923039871,0.0009278577992058096,1.0
1.0912600000000001,0.00031676724142729794,0.0009278742483291205,1.0
1.09144,0.00031678367646262014,0.0009278906833644426,1.0
1.09162,0.000316800097427935,0.0009279071043297575,1.0
1.0918,0.0003168165043411327,0.0009279235112429552,1.0
1.09198,0.0003168328972200338,0.0009279399041218563,1.0
1.09216,0.00031684927608249293,0.0009279562829843154,1.0
1.09234,0.0003168656409463215,0.000927972647848144,1.0
1.09252,0.00031688199182930383,0.0009279889987311263,1.0
1.0927,0.0003168983287491796,0.0009280053356510021,1.0
1.09288,0.0003169146517236228,0.0009280216586254452,1.0
1.09306,0.0003169309607703729,0.0009280379676721955,1.0
1.09324,0.0003169472559070893,0.0009280542628089118,1.0
1.09342,0.000316963537151364,0.0009280705440531864,1.0
1.0936,0.0003169798045207916,0.0009280868114226141,1.0
1.09378,0.00031699605803296884,0.0009281030649347913,1.0
1.09396,0.00031701229770540046,0.0009281193046072229,1.0
1.09414,0.0003170285235556552,0.0009281355304574777,1.0
1.09432,0.00031704473560115,0.0009281517425029724,1.0
1.0945,0.00031706093385934476,0.0009281679407611672,1.0
1.0946799999999999,0.0003170771183477106,0.000928184125249533,1.0
1.09486,0.0003170932890835691,0.0009282002959853916,1.0
1.09504,0.00031710944608432415,0.0009282164529861466,1.0
1.0952199999999999,0.0003171255893673179,0.0009282325962691404,1.0
1.0954000000000002,0.00031714171894985625,0.0009282487258516787,1.0
1.09558,0.00031715783484918705,0.0009282648417510095,1.0
1.0957599999999998,0.00031717393708255193,0.0009282809439843745,1.0
1.0959400000000001,0.0003171900256672291,0.0009282970325690516,1.0
1.09612,0.0003172061006203588,0.0009283131075221813,1.0
1.0962999999999998,0.0003172221619591158,0.0009283291688609383,1.0
1.0964800000000001,0.0003172382097006546,0.0009283452166024771,1.0
1.09666,0.0003172542438620451,0.0009283612507638675,1.0
1.09684,0.0003172702644603525,0.000928377271362175,1.0
1.09702,0.0003172862715126807,0.0009283932784145032,1.0
1.0972,0.000317302265036,0.0009284092719378225,1.0
1.09738,0.0003173182450473287,0.0009284252519491512,1.0
1.09756,0.0003173342115636348,0.0009284412184654572,1.0
1.09774,0.0003173501646018569,0.0009284571715036794,1.0
1.09792,0.00031736610417885263,0.0009284731110806751,1.0
1.0981,0.00031738203031156153,0.0009284890372133841,1.0
1.09828,0.00031739794301680323,0.0009285049499186257,1.0
1.09846,0.0003174138423114167,0.0009285208492132392,1.0
1.09864,0.00031742972821220764,0.0009285367351140302,1.0
1.09882,0.00031744560073589405,0.0009285526076377165,1.0
1.099,0.00031746145989926776,0.0009285684668010902,1.0
1.09918,0.0003174773057189974,0.00092858431262082,1.0
1.09936,0.0003174931382117851,0.0009286001451136076,1.0
1.09954,0.0003175089573943392,0.0009286159642961616,1.0
1.09972,0.0003175247632832297,0.0009286317701850522,1.0
1.0998999999999999,0.00031754055589506457,0.0009286475627968871,1.0
1.10008,0.00031755633524644154,0.0009286633421482641,1.0
1.10026,0.0003175721013538843,0.0009286791082557068,1.0
1.1004399999999999,0.0003175878542339205,0.000928694861135743,1.0
1.1006200000000002,0.00031760359390306016,0.0009287106008048826,1.0
1.1008,0.00031761932037774836,0.0009287263272795708,1.0
1.1009799999999998,0.0003176350336744464,0.0009287420405762689,1.0
1.1011600000000001,0.0003176507338095388,0.0009287577407113613,1.0
1.10134,0.00031766642079946036,0.0009287734277012828,1.0
1.1015199999999998,0.0003176820946605122,0.0009287891015623347,1.0
1.1017000000000001,0.00031769775540902193,0.0009288047623108444,1.0
1.10188,0.0003177134030613066,0.0009288204099631291,1.0
1.10206,0.0003177290376337143,0.0009288360445355368,1.0
1.10224,0.0003177446591424042,0.0009288516660442267,1.0
1.10242,0.0003177602676036321,0.0009288672745054546,1.0
1.1026,0.0003177758630335882,0.0009288828699354106,1.0
1.10278,0.0003177914454484887,0.0009288984523503111,1.0
1.10296,0.0003178070148643911,0.0009289140217662136,1.0
1.10314,0.0003178225712975014,0.0009289295781993239,1.0
1.10332,0.00031783811476385963,0.0009289451216656821,1.0
1.1035,0.00031785364527954523,0.0009289606521813677,1.0
1.10368,0.00031786916286059564,0.0009289761697624181,1.0
1.10386,0.00031788466752301423,0.0009289916744248367,1.0
1.10404,0.00031790015928280925,0.0009290071661846317,1.0
1.10422,0.0003179156381559242,0.0009290226450577466,1.0
1.1044,0.0003179311041583119,0.0009290381110601344,1.0
1.10458,0.00031794655730586047,0.000929053564207683,1.0
1.10476,0.00031796199761442533,0.0009290690045162479,1.0
1.10494,0.0003179774250999423,0.0009290844320017648,1.0
1.1051199999999999,0.00031799283977819123,0.0009290998466800137,1.0
1.1053,0.00031800824166495416,0.0009291152485667766,1.0
1.10548,0.0003180236307760555,0.000929130637677878,1.0
1.1056599999999999,0.00031803900712724443,0.0009291460140290669,1.0
1.1058400000000002,0.00031805437073419493,0.0009291613776360175,1.0
1.10602,0.0003180697216126628,0.0009291767285144853,1.0
1.1061999999999999,0.00031808505977834977,0.0009291920666801723,1.0
1.1063800000000001,0.0003181003852468168,0.0009292073921486393,1.0
1.10656,0.0003181156980337721,0.0009292227049355947,1.0
1.1067399999999998,0.00031813099815475554,0.000929238005056578,1.0
1.1069200000000001,0.00031814628562541264,0.0009292532925272352,1.0
1.1071,0.00031816156046120947,0.000929268567363032,1.0
1.10728,0.00031817682267772665,0.0009292838295795491,1.0
1.10746,0.0003181920722904353,0.0009292990791922578,1.0
1.10764,0.0003182073093148313,0.0009293143162166538,1.0
1.10782,0.00031822253376634227,0.0009293295406681648,1.0
1.108,0.00031823774566042286,0.0009293447525622453,1.0
1.10818,0.00031825294501245353,0.000929359951914276,1.0
1.10836,0.0003182681318377789,0.0009293751387396014,1.0
1.10854,0.0003182833061518029,0.0009293903130536253,1.0
1.10872,0.0003182984679697709,0.0009294054748715933,1.0
1.1089,0.00031831361730708595,0.0009294206242089084,1.0
1.10908,0.00031832875417895615,0.0009294357610807786,1.0
1.10926,0.0003183438786006053,0.0009294508855024277,1.0
1.10944,0.00031835899058735707,0.0009294659974891796,1.0
1.10962,0.00031837409015430705,0.0009294810970561295,1.0
1.1098,0.0003183891773166846,0.0009294961842185071,1.0
1.10998,0.00031840425208964354,0.000929511258991466,1.0
1.11016,0.0003184193144882788,0.0009295263213901013,1.0
1.1103399999999999,0.00031843436452774125,0.0009295413714295637,1.0
1.11052,0.0003184494022230831,0.0009295564091249056,1.0
1.1107,0.00031846442758932985,0.0009295714344911524,1.0
1.1108799999999999,0.0003184794406415461,0.0009295864475433685,1.0
1.1110600000000002,0.0003184944413947507,0.0009296014482965732,1.0
1.11124,0.0003185094298638911,0.0009296164367657135,1.0
1.1114199999999999,0.00031852440606390574,0.0009296314129657282,1.0
1.1116000000000001,0.00031853937000980844,0.0009296463769116309,1.0
1.11178,0.0003185543217164419,0.0009296613286182644,1.0
1.1119599999999998,0.00031856926119870854,0.0009296762681005311,1.0
1.1121400000000001,0.00031858418847145005,0.0009296911953732725,1.0
1.11232,0.0003185991035495347,0.0009297061104513572,1.0
1.1125,0.0003186140064477553,0.0009297210133495778,1.0
1.1126800000000001,0.0003186288971809549,0.0009297359040827774,1.0
1.11286,0.0003186437757637957,0.0009297507826656182,1.0
1.11304,0.0003186586422111166,0.0009297656491129391,1.0
1.11322,0.0003186734965375922,0.0009297805034394147,1.0
1.1134,0.0003186883387579107,0.0009297953456597332,1.0
1.11358,0.00031870316888674957,0.0009298101757885721,1.0
1.11376,0.0003187179869387865,0.000929824993840609,1.0
1.11394,0.0003187327929286045,0.000929839799830427,1.0
1.11412,0.00031874758687082475,0.0009298545937726473,1.0
1.1143,0.0003187623687800526,0.0009298693756818751,1.0
1.11448,0.0003187771386708004,0.0009298841455726229,1.0
1.11466,0.00031879189655759885,0.0009298989034594214,1.0
1.11484,0.00031880664245498573,0.0009299136493568082,1.0
1.11502,0.00031882137637743936,0.0009299283832792618,1.0
1.1152,0.0003188360983393764,0.0009299431052411989,1.0
1.11538,0.0003188508083552982,0.0009299578152571206,1.0
1.1155599999999999,0.0003188655064395828,0.0009299725133414052,1.0
1.11574,0.000318880192606634,0.0009299871995084565,1.0
1.11592,0.00031889486687085327,0.0009300018737726757,1.0
1.1160999999999999,0.00031890952924651313,0.0009300165361483357,1.0
1.1162800000000002,0.0003189241797480181,0.0009300311866498405,1.0
1.11646,0.00031893881838958944,0.0009300458252914119,1.0
1.1166399999999999,0.00031895344518556215,0.0009300604520873846,1.0
1.1168200000000001,0.00031896806015018105,0.0009300750670520035,1.0
1.117,0.00031898266329769296,0.0009300896701995155,1.0
1.1171799999999998,0.0003189972546422489,0.0009301042615440714,1.0
1.1173600000000001,0.00031901183419812845,0.0009301188410999509,1.0
1.11754,0.00031902640197939755,0.00093013340888122,1.0
1.11772,0.00031904095800028255,0.000930147964902105,1.0
1.1179000000000001,0.0003190555022748658,0.0009301625091766882,1.0
1.11808,0.0003190700348172177,0.0009301770417190402,1.0
1.11826,0.00031908455564146553,0.000930191562543288,1.0
1.11844,0.00031909906476164775,0.0009302060716634702,1.0
1.11862,0.0003191135621917904,0.0009302205690936129,1.0
1.1188,0.00031912804794585823,0.0009302350548476807,1.0
1.11898,0.0003191425220379385,0.000930249528939761,1.0
1.11916,0.00031915698448189923,0.0009302639913837217,1.0
1.11934,0.0003191714352917294,0.0009302784421935518,1.0
1.11952,0.0003191858744813388,0.0009302928813831612,1.0
1.1197,0.00031920030206463145,0.000930307308966454,1.0
1.11988,0.00031921471805546617,0.0009303217249572887,1.0
1.12006,0.0003192291224677163,0.0009303361293695388,1.0
1.12024,0.00031924351531522726,0.0009303505222170497,1.0
1.12042,0.00031925789661178355,0.0009303649035136061,1.0
1.1206,0.00031927226637115186,0.0009303792732729744,1.0
1.1207799999999999,0.0003192866246071359,0.0009303936315089584,1.0
1.12096,0.00031930097133348306,0.0009304079782353055,1.0
1.12114,0.00031931530656389615,0.0009304223134657186,1.0
1.1213199999999999,0.0003193296303121114,0.0009304366372139339,1.0
1.1215,0.000319343942591774,0.0009304509494935965,1.0
1.12168,0.0003193582434165494,0.0009304652503183718,1.0
1.1218599999999999,0.00031937253280007034,0.0009304795397018929,1.0
1.1220400000000001,0.00031938681075598487,0.0009304938176578074,1.0
1.12222,0.0003194010772978212,0.0009305080841996437,1.0
1.1223999999999998,0.0003194153324392449,0.0009305223393410674,1.0
1.1225800000000001,0.00031942957619373816,0.0009305365830955606,1.0
1.12276,0.0003194438085748556,0.0009305508154766781,1.0
1.12294,0.00031945802959609424,0.0009305650364979167,1.0
1.1231200000000001,0.0003194722392709641,0.0009305792461727865,1.0
1.1233,0.00031948643761290377,0.0009305934445147262,1.0
1.12348,0.0003195006246353673,0.0009306076315371898,1.0
1.12366,0.00031951480035178763,0.0009306218072536101,1.0
1.12384,0.0003195289647755626,0.000930635971677385,1.0
1.12402,0.00031954311792011013,0.0009306501248219326,1.0
1.1242,0.0003195572597987263,0.0009306642667005488,1.0
1.12438,0.00031957139042478283,0.0009306783973266053,1.0
1.12456,0.00031958550981161496,0.0009306925167134374,1.0
1.12474,0.0003195996179724902,0.0009307066248743127,1.0
1.12492,0.0003196137149207102,0.0009307207218225326,1.0
1.1251,0.00031962780066955914,0.0009307348075713816,1.0
1.12528,0.0003196418752322074,0.0009307488821340299,1.0
1.12546,0.0003196559386219136,0.000930762945523736,1.0
1.12564,0.00031966999085187556,0.000930776997753698,1.0
1.12582,0.00031968403193522534,0.0009307910388370478,1.0
1.126,0.0003196980618851614,0.000930805068786984,1.0
1.12618,0.00031971208071483135,0.0009308190876166538,1.0
1.12636,0.0003197260884373033,0.0009308330953391258,1.0
1.1265399999999999,0.00031974008506564723,0.0009308470919674697,1.0
1.12672,0.00031975407061300205,0.0009308610775148245,1.0
1.1269,0.00031976804509241977,0.0009308750519942423,1.0
1.1270799999999999,0.0003197820085169078,0.0009308890154187303,1.0
1.1272600000000002,0.00031979596089943223,0.0009309029678012547,1.0
1.12744,0.0003198099022530488,0.0009309169091548713,1.0
1.1276199999999998,0.0003198238325906955,0.000930930839492518,1.0
1.1278000000000001,0.0003198377519253315,0.0009309447588271541,1.0
1.12798,0.0003198516602699127,0.0009309586671717351,1.0
1.1281599999999998,0.0003198655576373205,0.000930972564539143,1.0
1.1283400000000001,0.0003198794440404177,0.0009309864509422401,1.0
1.12852,0.0003198933194921318,0.0009310003263939543,1.0
1.1287,0.00031990718400527626,0.0009310141909070987,1.0
1.12888,0.0003199210375927199,0.0009310280444945424,1.0
1.12906,0.00031993488026724773,0.0009310418871690703,1.0
1.12924,0.00031994871204162463,0.0009310557189434472,1.0
1.12942,0.00031996253292866487,0.0009310695398304874,1.0
1.1296,0.0003199763429411053,0.0009310833498429277,1.0
1.12978,0.00031999014209165407,0.0009310971489934765,1.0
1.12996,0.0003200039303930501,0.0009311109372948725,1.0
1.13014,0.0003200177078579764,0.0009311247147597988,1.0
1.13032,0.0003200314744991206,0.0009311384814009431,1.0
1.1305,0.00032004523032910836,0.0009311522372309308,1.0
1.13068,0.0003200589753606017,0.0009311659822624243,1.0
1.13086,0.0003200727096061697,0.0009311797165079921,1.0
1.13104,0.0003200864330784529,0.0009311934399802754,1.0
1.13122,0.0003201001457899992,0.0009312071526918217,1.0
1.1314,0.00032011384775337376,0.0009312208546551962,1.0
1.13158,0.00032012753898113286,0.0009312345458829553,1.0
1.1317599999999999,0.0003201412194857424,0.0009312482263875649,1.0
1.13194,0.0003201548892797427,0.0009312618961815652,1.0
1.13212,0.000320168548375597,0.0009312755552774195,1.0
1.1322999999999999,0.00032018219678577666,0.0009312892036875992,1.0
1.1324800000000002,0.0003201958345226708,0.0009313028414244933,1.0
1.13266,0.000320209461598803,0.0009313164685006254,1.0
1.1328399999999998,0.0003202230780264561,0.0009313300849282786,1.0
1.1330200000000001,0.0003202366838180756,0.0009313436907198981,1.0
1.1332,0.00032025027898603166,0.0009313572858878541,1.0
1.1333799999999998,0.0003202638635426381,0.0009313708704444606,1.0
1.1335600000000001,0.00032027743750023455,0.000931384444402057,1.0
1.13374,0.00032029100087113167,0.0009313980077729541,1.0
1.13392,0.00032030455366763825,0.0009314115605694607,1.0
1.1341,0.0003203180959019611,0.0009314251028037835,1.0
1.13428,0.0003203316275863814,0.0009314386344882039,1.0
1.13446,0.00032034514873316205,0.0009314521556349845,1.0
1.13464,0.0003203586593544884,0.0009314656662563109,1.0
1.13482,0.0003203721594625503,0.0009314791663643728,1.0
1.135,0.00032038564906950123,0.0009314926559713237,1.0
1.13518,0.00032039912818753683,0.0009315061350893593,1.0
1.13536,0.0003204125968287928,0.0009315196037306152,1.0
1.13554,0.0003204260550053521,0.0009315330619071746,1.0
1.13572,0.00032043950272936345,0.0009315465096311859,1.0
1.1359,0.000320452940012842,0.0009315599469146645,1.0
1.13608,0.00032046636686794145,0.0009315733737697639,1.0
1.13626,0.0003204797833066418,0.0009315867902084643,1.0
1.13644,0.00032049318934095165,0.0009316001962427741,1.0
1.13662,0.0003205065849829513,0.0009316135918847738,1.0
1.1368,0.00032051997024459166,0.0009316269771464142,1.0
1.1369799999999999,0.0003205333451378075,0.0009316403520396299,1.0
1.13716,0.0003205467096746325,0.000931653716576455,1.0
1.13734,0.00032056006386693795,0.0009316670707687604,1.0
1.1375199999999999,0.00032057340772665896,0.0009316804146284814,1.0
1.1377000000000002,0.0003205867412657076,0.00093169374816753,1.0
1.13788,0.0003206000644959573,0.0009317070713977798,1.0
1.1380599999999998,0.00032061337742925856,0.0009317203843310811,1.0
1.1382400000000001,0.0003206266800774638,0.0009317336869792863,1.0
1.13842,0.00032063997245241363,0.0009317469793542362,1.0
1.1385999999999998,0.0003206532545658868,0.0009317602614677093,1.0
1.1387800000000001,0.000320666526429707,0.0009317735333315294,1.0
1.13896,0.00032067978805558984,0.0009317867949574124,1.0
1.13914,0.0003206930394553639,0.0009318000463571863,1.0
1.13932,0.0003207062806407527,0.0009318132875425751,1.0
1.1395,0.00032071951162342333,0.0009318265185252458,1.0
1.13968,0.00032073273241513245,0.0009318397393169549,1.0
1.13986,0.00032074594302750514,0.0009318529499293276,1.0
1.14004,0.00032075914347229215,0.0009318661503741146,1.0
1.14022,0.0003207723337610203,0.0009318793406628428,1.0
1.1404,0.000320785513905429,0.0009318925208072514,1.0
1.14058,0.0003207986839170909,0.0009319056908189134,1.0
1.14076,0.00032081184380764095,0.0009319188507094635,1.0
1.14094,0.00032082499358856265,0.0009319320004903852,1.0
1.14112,0.00032083813327151605,0.0009319451401733385,1.0
1.1413,0.00032085126286795796,0.0009319582697697804,1.0
1.14148,0.00032086438238949384,0.0009319713892913164,1.0
1.14166,0.0003208774918475711,0.0009319844987493936,1.0
1.14184,0.00032089059125368224,0.0009319975981555047,1.0
1.14202,0.00032090368061937503,0.0009320106875211976,1.0
1.1421999999999999,0.00032091675995602566,0.0009320237668578482,1.0
1.14238,0.00032092982927510607,0.0009320368361769285,1.0
1.14256,0.000320942888588026,0.0009320498954898484,1.0
1.1427399999999999,0.00032095593790619357,0.0009320629448080161,1.0
1.1429200000000002,0.0003209689772409943,0.0009320759841428168,1.0
1.1431,0.00032098200660378873,0.0009320890135056112,1.0
1.1432799999999999,0.0003209950260059107,0.0009321020329077332,1.0
1.1434600000000001,0.00032100803545877607,0.0009321150423605986,1.0
1.14364,0.0003210210349736224,0.0009321280418754449,1.0
1.1438199999999998,0.000321034024561799,0.0009321410314636215,1.0
1.1440000000000001,0.00032104700423458065,0.0009321540111364031,1.0
1.14418,0.0003210599740032126,0.000932166980905035,1.0
1.14436,0.000321072933878943,0.0009321799407807656,1.0
1.1445400000000001,0.0003210858838730388,0.0009321928907748613,1.0
1.14472,0.00032109882399666454,0.000932205830898487,1.0
1.1449,0.0003211117542610842,0.0009322187611629066,1.0
1.14508,0.00032112467467745306,0.0009322316815792756,1.0
1.14526,0.0003211375852568982,0.0009322445921587208,1.0
1.14544,0.00032115048601064853,0.000932257492912471,1.0
1.14562,0.0003211633769497944,0.000932270383851617,1.0
1.1458,0.00032117625808540895,0.0009322832649872315,1.0
1.14598,0.0003211891294286554,0.0009322961363304779,1.0
1.14616,0.0003212019909905969,0.0009323089978924194,1.0
1.14634,0.00032121484278227355,0.000932321849684096,1.0
1.14652,0.0003212276848147867,0.0009323346917166092,1.0
1.1467,0.00032124051709913536,0.0009323475240009579,1.0
1.14688,0.0003212533396463124,0.0009323603465481349,1.0
1.14706,0.0003212661524673685,0.000932373159369191,1.0
1.14724,0.0003212789555732839,0.0009323859624751063,1.0
1.1474199999999999,0.0003212917489749617,0.0009323987558767842,1.0
1.1476,0.00032130453268343475,0.0009324115395852573,1.0
1.14778,0.00032131730670959186,0.0009324243136114143,1.0
1.1479599999999999,0.00032133007106433854,0.000932437077966161,1.0
1.14814,0.00032134282575865255,0.000932449832660475,1.0
1.14832,0.00032135557080330404,0.0009324625777051266,1.0
1.1484999999999999,0.00032136830620926144,0.0009324753131110839,1.0
1.1486800000000001,0.00032138103198732737,0.0009324880388891499,1.0
1.14886,0.000321393748148369,0.0009325007550501915,1.0
1.1490399999999998,0.0003214064547031722,0.0009325134616049947,1.0
1.1492200000000001,0.0003214191516625499,0.0009325261585643724,1.0
1.1494,0.0003214318390372933,0.0009325388459391157,1.0
1.14958,0.00032144451683823393,0.0009325515237400564,1.0
1.1497600000000001,0.0003214571850760364,0.0009325641919778588,1.0
1.14994,0.0003214698437614968,0.0009325768506633194,1.0
1.15012,0.00032148249290528283,0.0009325894998071054,1.0
1.1503,0.0003214951325181887,0.0009326021394200112,1.0
1.15048,0.00032150776261084135,0.0009326147695126639,1.0
1.15066,0.00032152038319395324,0.0009326273900957757,1.0
1.15084,0.0003215329942781507,0.0009326400011799732,1.0
1.15102,0.0003215455958741441,0.0009326526027759666,1.0
1.1512,0.00032155818799246925,0.0009326651948942917,1.0
1.15138,0.0003215707706438179,0.0009326777775456403,1.0
1.15156,0.00032158334383872454,0.000932690350740547,1.0
1.15174,0.00032159590758784677,0.0009327029144896692,1.0
1.15192,0.00032160846190168224,0.0009327154688035047,1.0
1.1521,0.0003216210067908341,0.0009327280136926566,1.0
1.15228,0.0003216335422657977,0.0009327405491676202,1.0
1.15246,0.0003216460683370954,0.0009327530752389179,1.0
1.1526399999999999,0.0003216585850152684,0.0009327655919170909,1.0
1.15282,0.0003216710923107618,0.0009327780992125843,1.0
1.153,0.0003216835902341013,0.0009327905971359238,1.0
1.1531799999999999,0.00032169607879567713,0.0009328030856974996,1.0
1.15336,0.0003217085580059831,0.0009328155649078056,1.0
1.15354,0.00032172102787542323,0.0009328280347772457,1.0
1.1537199999999999,0.0003217334884144272,0.0009328404953162497,1.0
1.1539000000000001,0.00032174593963336706,0.0009328529465351895,1.0
1.15408,0.00032175838154263777,0.0009328653884444603,1.0
1.1542599999999998,0.0003217708141525815,0.000932877821054404,1.0
1.1544400000000001,0.00032178323747360856,0.000932890244375431,1.0
1.15462,0.00032179565151597994,0.0009329026584178025,1.0
1.1547999999999998,0.0003218080562900784,0.0009329150631919009,1.0
1.1549800000000001,0.0003218204518061632,0.0009329274587079857,1.0
1.15516,0.0003218328380745825,0.000932939844976405,1.0
1.15534,0.0003218452151055109,0.0009329522220073334,1.0
1.15552,0.0003218575829092998,0.0009329645898111224,1.0
1.1557,0.000321869941496134,0.0009329769483979565,1.0
1.15588,0.0003218822908762773,0.0009329892977780998,1.0
1.15606,0.0003218946310599588,0.0009330016379617813,1.0
1.15624,0.0003219069620573242,0.0009330139689591468,1.0
1.15642,0.00032191928387858594,0.0009330262907804084,1.0
1.1566,0.0003219315965339192,0.0009330386034357417,1.0
1.15678,0.0003219439000334641,0.0009330509069352866,1.0
1.15696,0.0003219561943873763,0.0009330632012891988,1.0
1.15714,0.0003219684796057888,0.0009330754865076113,1.0
1.15732,0.0003219807556987615,0.000933087762600584,1.0
1.1575,0.0003219930226764501,0.0009331000295782726,1.0
1.15768,0.00032200528054887953,0.000933112287450702,1.0
1.15786,0.000322017529326158,0.0009331245362279804,1.0
1.15804,0.00032202976901832666,0.0009331367759201491,1.0
1.15822,0.0003220419996353826,0.0009331490065372051,1.0
1.1583999999999999,0.0003220542211874133,0.0009331612280892357,1.0
1.15858,0.0003220664336843764,0.0009331734405861988,1.0
1.15876,0.00032207863713626974,0.0009331856440380922,1.0
1.1589399999999999,0.0003220908315531008,0.0009331978384549233,1.0
1.1591200000000002,0.00032210301694478614,0.0009332100238466086,1.0
1.1593,0.00032211519332130096,0.0009332222002231235,1.0
1.1594799999999998,0.00032212736069259836,0.0009332343675944208,1.0
1.1596600000000001,0.0003221395190685383,0.0009332465259703608,1.0
1.15984,0.00032215166845911365,0.0009332586753609362,1.0
1.1600199999999998,0.00032216380887412907,0.0009332708157759515,1.0
1.1602000000000001,0.0003221759403234824,0.0009332829472253048,1.0
1.16038,0.0003221880628171005,0.0009332950697189229,1.0
1.16056,0.0003222001763647176,0.0009333071832665402,1.0
1.16074,0.00032221228097625176,0.0009333192878780742,1.0
1.16092,0.0003222243766614829,0.0009333313835633054,1.0
1.1611,0.00032223646343025673,0.0009333434703320792,1.0
1.16128,0.0003222485412923006,0.0009333555481941231,1.0
1.16146,0.0003222606102574437,0.0009333676171592662,1.0
1.16164,0.0003222726703354285,0.000933379677237251,1.0
1.16182,0.0003222847215359946,0.000933391728437817,1.0
1.162,0.0003222967638688834,0.0009334037707707059,1.0
1.16218,0.00032230879734382453,0.000933415804245647,1.0
1.16236,0.0003223208219704954,0.0009334278288723179,1.0
1.16254,0.0003223328377586326,0.0009334398446604551,1.0
1.16272,0.00032234484471782397,0.0009334518516196464,1.0
1.1629,0.0003223568428578426,0.000933463849759665,1.0
1.16308,0.0003223688321883007,0.0009334758390901231,1.0
1.16326,0.0003223808127187653,0.0009334878196205878,1.0
1.16344,0.00032239278445893765,0.0009334997913607601,1.0
1.1636199999999999,0.0003224047474183744,0.000933511754320197,1.0
1.1638,0.0003224167016067323,0.0009335237085085548,1.0
1.16398,0.0003224286470335288,0.0009335356539353513,1.0
1.1641599999999999,0.0003224405837083334,0.0009335475906101559,1.0
1.1643400000000002,0.0003224525116407676,0.0009335595185425901,1.0
1.16452,0.00032246443084025346,0.0009335714377420759,1.0
1.1646999999999998,0.0003224763413164043,0.0009335833482182268,1.0
1.1648800000000001,0.0003224882430787172,0.0009335952499805397,1.0
1.16506,0.0003225001361366546,0.000933607143038477,1.0
1.1652399999999998,0.00032251202049972595,0.0009336190274015484,1.0
1.1654200000000001,0.00032252389617739793,0.0009336309030792204,1.0
1.1656,0.00032253576317912,0.0009336427700809425,1.0
1.16578,0.00032254762151433426,0.0009336546284161567,1.0
1.16596,0.00032255947119246264,0.0009336664780942852,1.0
1.16614,0.00032257131222294906,0.0009336783191247716,1.0
1.16632,0.0003225831446151389,0.0009336901515169613,1.0
1.1665,0.0003225949683784916,0.0009337019752803141,1.0
1.16668,0.00032260678352231964,0.0009337137904241421,1.0
1.16686,0.0003226185900560266,0.0009337255969578491,1.0
1.16704,0.00032263038798891467,0.0009337373948907371,1.0
1.16722,0.00032264217733036474,0.0009337491842321872,1.0
1.1674,0.00032265395808965915,0.0009337609649914816,1.0
1.16758,0.00032266573027610936,0.0009337727371779318,1.0
1.16776,0.00032267749389906927,0.0009337845008008918,1.0
1.16794,0.00032268924896771637,0.0009337962558695389,1.0
1.16812,0.000322700995491412,0.0009338080023932344,1.0
1.1683,0.0003227127334793623,0.0009338197403811848,1.0
1.16848,0.0003227244629407921,0.0009338314698426146,1.0
1.16866,0.0003227361838849799,0.0009338431907868023,1.0
1.1688399999999999,0.00032274789632108806,0.0009338549032229105,1.0
1.16902,0.0003227596002583421,0.0009338666071601646,1.0
1.1692,0.0003227712957059511,0.0009338783026077737,1.0
1.1693799999999999,0.00032278298267301737,0.0009338899895748399,1.0
1.1695600000000002,0.00032279466116878525,0.0009339016680706077,1.0
1.16974,0.00032280633120236585,0.0009339133381041883,1.0
1.1699199999999998,0.000322817992782882,0.0009339249996847044,1.0
1.1701000000000001,0.0003228296459194686,0.0009339366528212911,1.0
1.17028,0.0003228412906212449,0.0009339482975230674,1.0
1.1704599999999998,0.0003228529268972915,0.000933959933799114,1.0
1.1706400000000001,0.00032286455475669416,0.0009339715616585166,1.0
1.17082,0.0003228761742085274,0.0009339831811103499,1.0
1.171,0.000322887785261844,0.0009339947921636665,1.0
1.17118,0.00032289938792569236,0.0009340063948275149,1.0
1.17136,0.00032291098220911405,0.0009340179891109365,1.0
1.17154,0.0003229225681210957,0.0009340295750229182,1.0
1.17172,0.00032293414567069115,0.0009340411525725137,1.0
1.1719,0.00032294571486680225,0.0009340527217686248,1.0
1.17208,0.0003229572757185196,0.0009340642826203421,1.0
1.17226,0.00032296882823476433,0.0009340758351365868,1.0
1.17244,0.000322980372424484,0.0009340873793263065,1.0
1.17262,0.00032299190829659566,0.0009340989151984181,1.0
1.1728,0.0003230034358600836,0.0009341104427619061,1.0
1.17298,0.00032301495512381835,0.0009341219620256408,1.0
1.17316,0.0003230264660967125,0.0009341334729985351,1.0
1.17334,0.00032303796878770276,0.0009341449756895253,1.0
1.17352,0.00032304946320560165,0.0009341564701074241,1.0
1.1737,0.00032306094935929773,0.0009341679562611203,1.0
1.17388,0.00032307242725765974,0.0009341794341594823,1.0
1.1740599999999999,0.0003230838969095032,0.0009341909038113257,1.0
1.17424,0.00032309535832370076,0.0009342023652255233,1.0
1.17442,0.000323106811509016,0.0009342138184108385,1.0
1.1745999999999999,0.0003231182564742649,0.0009342252633760873,1.0
1.17478,0.00032312969322827883,0.0009342367001301013,1.0
1.17496,0.0003231411217797828,0.0009342481286816052,1.0
1.1751399999999999,0.0003231525421375567,0.0009342595490393792,1.0
1.1753200000000001,0.0003231639543103662,0.0009342709612121887,1.0
1.1755,0.00032317535830696557,0.000934282365208788,1.0
1.1756799999999998,0.000323186754136043,0.0009342937610378654,1.0
1.1758600000000001,0.0003231981418063155,0.000934305148708138,1.0
1.17604,0.00032320952132652625,0.0009343165282283488,1.0
1.17622,0.00032322089270534247,0.000934327899607165,1.0
1.1764000000000001,0.00032323225595142527,0.0009343392628532478,1.0
1.17658,0.00032324361107352953,0.000934350617975352,1.0
1.17676,0.0003232549580801893,0.0009343619649820118,1.0
1.17694,0.0003232662969801127,0.0009343733038819352,1.0
1.17712,0.00032327762778191734,0.0009343846346837398,1.0
1.1773,0.0003232889504942362,0.0009343959573960587,1.0
1.17748,0.00032330026512566567,0.0009344072720274882,1.0
1.17766,0.00032331157168475396,0.0009344185785865764,1.0
1.17784,0.00032332287018015175,0.0009344298770819742,1.0
1.17802,0.00032333416062043215,0.0009344411675222546,1.0
1.1782,0.0003233454430140849,0.0009344524499159074,1.0
1.17838,0.0003233567173697127,0.0009344637242715352,1.0
1.17856,0.0003233679836957956,0.0009344749905976181,1.0
1.17874,0.00032337924200090764,0.0009344862489027301,1.0
1.17892,0.0003233904922935652,0.0009344974991953877,1.0
1.1791,0.00032340173458221343,0.000934508741484036,1.0
1.1792799999999999,0.0003234129688753543,0.0009345199757771768,1.0
1.17946,0.00032342419518150713,0.0009345312020833296,1.0
1.17964,0.0003234354135090709,0.0009345424204108934,1.0
1.1798199999999999,0.0003234466238665269,0.0009345536307683494,1.0
1.18,0.0003234578262623342,0.0009345648331641567,1.0
1.18018,0.0003234690207048654,0.0009345760276066879,1.0
1.1803599999999999,0.00032348020720258014,0.0009345872141044026,1.0
1.1805400000000001,0.00032349138576385144,0.0009345983926656739,1.0
1.18072,0.00032350255639708664,0.0009346095632989091,1.0
1.1808999999999998,0.0003235137191106744,0.0009346207260124969,1.0
1.1810800000000001,0.00032352487391296023,0.0009346318808147827,1.0
1.18126,0.00032353602081235404,0.0009346430277141765,1.0
1.1814399999999998,0.00032354715981707747,0.0009346541667189,1.0
1.1816200000000001,0.0003235582909355994,0.0009346652978374219,1.0
1.1818,0.00032356941417616,0.0009346764210779825,1.0
1.18198,0.00032358052954709586,0.0009346875364489183,1.0
1.18216,0.0003235916370566873,0.0009346986439585099,1.0
1.18234,0.0003236027367132343,0.0009347097436150568,1.0
1.18252,0.0003236138285250044,0.0009347208354268269,1.0
1.1827,0.000323624912500282,0.0009347319194021044,1.0
1.18288,0.00032363598864731247,0.000934742995549135,1.0
1.18306,0.0003236470569743,0.0009347540638761225,1.0
1.18324,0.00032365811748949014,0.0009347651243913126,1.0
1.18342,0.00032366917020112436,0.0009347761771029469,1.0
1.1836,0.00032368021511738367,0.0009347872220192062,1.0
1.18378,0.0003236912522464591,0.0009347982591482815,1.0
1.18396,0.00032370228159656024,0.0009348092884983827,1.0
1.18414,0.0003237133031758326,0.000934820310077655,1.0
1.18432,0.00032372431699246673,0.0009348313238942892,1.0
1.1844999999999999,0.0003237353230545719,0.0009348423299563944,1.0
1.18468,0.0003237463213702886,0.0009348533282721111,1.0
1.18486,0.0003237573119477841,0.0009348643188496065,1.0
1.1850399999999999,0.00032376829479511616,0.0009348753016969386,1.0
1.18522,0.0003237792699204149,0.0009348862768222374,1.0
1.1854,0.0003237902373317979,0.0009348972442336204,1.0
1.1855799999999999,0.00032380119703729314,0.0009349082039391156,1.0
1.1857600000000001,0.000323812149045024,0.0009349191559468466,1.0
1.18594,0.00032382309336299035,0.0009349301002648128,1.0
1.1861199999999998,0.00032383402999933093,0.0009349410369011535,1.0
1.1863000000000001,0.00032384495896197607,0.0009349519658637985,1.0
1.18648,0.00032385588025900984,0.0009349628871608323,1.0
1.1866599999999998,0.0003238667938984317,0.0009349738008002542,1.0
1.1868400000000001,0.00032387769988824797,0.0009349847067900705,1.0
1.18702,0.00032388859823645895,0.0009349956051382814,1.0
1.1872,0.0003238994889510255,0.000935006495852848,1.0
1.18738,0.00032391037203992383,0.0009350173789417463,1.0
1.18756,0.00032392124751111275,0.0009350282544129352,1.0
1.18774,0.00032393211537256006,0.0009350391222743826,1.0
1.18792,0.0003239429756321838,0.0009350499825340063,1.0
1.1881,0.00032395382829788425,0.0009350608351997067,1.0
1.18828,0.0003239646733776197,0.0009350716802794421,1.0
1.18846,0.00032397551087926413,0.0009350825177810866,1.0
1.18864,0.00032398634081072124,0.0009350933477125438,1.0
1.18882,0.0003239971631798988,0.0009351041700817212,1.0
1.189,0.00032400797799460687,0.0009351149848964293,1.0
1.18918,0.0003240187852627721,0.0009351257921645945,1.0
1.18936,0.0003240295849921892,0.0009351365918940117,1.0
1.18954,0.00032404037719073627,0.0009351473840925588,1.0
1.1897199999999999,0.0003240511618662059,0.0009351581687680284,1.0
1.1899,0.000324061939026449,0.0009351689459282715,1.0
1.19008,0.0003240727086792565,0.0009351797155810789,1.0
1.1902599999999999,0.00032408347083241344,0.0009351904777342359,1.0
1.19044,0.00032409422549373884,0.0009352012323955613,1.0
1.19062,0.00032410497267093975,0.0009352119795727622,1.0
1.1907999999999999,0.00032411571237187176,0.0009352227192736943,1.0
1.1909800000000001,0.00032412644460418414,0.0009352334515060066,1.0
1.19116,0.0003241371693757131,0.0009352441762775355,1.0
1.1913399999999998,0.00032414788669411375,0.0009352548935959362,1.0
1.1915200000000001,0.0003241585965671942,0.0009352656034690167,1.0
1.1917,0.0003241692990025904,0.0009352763059044129,1.0
1.1918799999999998,0.000324179994008022,0.0009352870009098445,1.0
1.1920600000000001,0.0003241906815911679,0.0009352976884929903,1.0
1.19224,0.0003242013617597397,0.0009353083686615621,1.0
1.19242,0.0003242120345213367,0.0009353190414231592,1.0
1.1926,0.00032422269988372074,0.0009353297067855432,1.0
1.19278,0.00032423335785445044,0.0009353403647562729,1.0
1.19296,0.00032424400844120694,0.0009353510153430294,1.0
1.19314,0.0003242546516515933,0.0009353616585534158,1.0
1.19332,0.0003242652874932451,0.0009353722943950676,1.0
1.1935,0.0003242759159737556,0.000935382922875578,1.0
1.19368,0.0003242865371007166,0.0009353935440025391,1.0
1.19386,0.0003242971508817084,0.000935404157783531,1.0
1.19404,0.0003243077573243163,0.0009354147642261388,1.0
1.19422,0.0003243183564361095,0.0009354253633379319,1.0
1.1944,0.00032432894822462596,0.0009354359551264485,1.0
1.19458,0.0003243395326974103,0.0009354465395992329,1.0
1.19476,0.00032435010986202415,0.0009354571167638466,1.0
1.19494,0.0003243606797259486,0.0009354676866277711,1.0
1.19512,0.0003243712422967313,0.0009354782491985537,1.0
1.1953,0.000324381797581834,0.0009354888044836565,1.0
1.1954799999999999,0.0003243923455887877,0.0009354993524906102,1.0
1.19566,0.00032440288632501734,0.0009355098932268399,1.0
1.19584,0.0003244134197980621,0.0009355204266998846,1.0
1.1960199999999999,0.00032442394601538095,0.0009355309529172034,1.0
1.1962000000000002,0.000324434464984352,0.0009355414718861745,1.0
1.19638,0.00032444497671248017,0.0009355519836143026,1.0
1.1965599999999998,0.00032445548120717293,0.0009355624881089954,1.0
1.1967400000000001,0.0003244659784758661,0.0009355729853776886,1.0
1.19692,0.00032447646852595266,0.0009355834754277751,1.0
1.1970999999999998,0.00032448695136485817,0.0009355939582666806,1.0
1.1972800000000001,0.00032449742699993154,0.000935604433901754,1.0
1.19746,0.0003245078954385988,0.0009356149023404213,1.0
1.19764,0.00032451835668819676,0.0009356253635900192,1.0
1.19782,0.0003245288107560883,0.0009356358176579108,1.0
1.198,0.00032453925764964624,0.0009356462645514687,1.0
1.19818,0.0003245496973761994,0.000935656704278022,1.0
1.19836,0.0003245601299430785,0.0009356671368449009,1.0
1.19854,0.00032457055535760283,0.0009356775622594253,1.0
1.19872,0.0003245809736270653,0.0009356879805288878,1.0
1.1989,0.0003245913847587984,0.0009356983916606208,1.0
1.19908,0.0003246017887600858,0.0009357087956619083,1.0
1.19926,0.0003246121856381816,0.0009357191925400041,1.0
1.19944,0.00032462257540038283,0.0009357295823022053,1.0
1.19962,0.00032463295805395316,0.0009357399649557757,1.0
1.1998,0.00032464333360611176,0.0009357503405079343,1.0
1.19998,0.00032465370206414515,0.0009357607089659676,1.0
1.20016,0.0003246640634352688,0.0009357710703370914,1.0
1.20034,0.00032467441772668273,0.0009357814246285052,1.0
1.20052,0.00032468476494561146,0.0009357917718474339,1.0
1.2006999999999999,0.0003246951050992621,0.0009358021120010845,1.0
1.20088,0.00032470543819484077,0.0009358124450966633,1.0
1.20106,0.00032471576423953493,0.0009358227711413574,1.0
1.2012399999999999,0.0003247260832404629,0.0009358330901422854,1.0
1.20142,0.00032473639520483755,0.00093584340210666,1.0
1.2016,0.00032474670013980453,0.000935853707041627,1.0
1.2017799999999998,0.0003247569980524963,0.0009358640049543189,1.0
1.2019600000000001,0.00032476728895006814,0.0009358742958518907,1.0
1.20214,0.00032477757283965044,0.0009358845797414729,1.0
1.2023199999999998,0.00032478784972831694,0.0009358948566301395,1.0
1.2025000000000001,0.00032479811962318696,0.0009359051265250094,1.0
1.20268,0.00032480838253139653,0.000935915389433219,1.0
1.20286,0.00032481863846000095,0.0009359256453618234,1.0
1.20304,0.00032482888741607204,0.0009359358943178945,1.0
1.20322,0.00032483912940670584,0.0009359461363085283,1.0
1.2034,0.00032484936443893557,0.000935956371340758,1.0
1.20358,0.00032485959251977786,0.0009359665994216003,1.0
1.20376,0.00032486981365636525,0.0009359768205581877,1.0
1.20394,0.00032488002785564807,0.0009359870347574706,1.0
1.20412,0.0003248902351246697,0.0009359972420264922,1.0
1.2043,0.00032490043547045026,0.0009360074423722727,1.0
1.20448,0.00032491062889999553,0.000936017635801818,1.0
1.20466,0.00032492081542028877,0.0009360278223221113,1.0
1.20484,0.0003249309950382826,0.0009360380019401051,1.0
1.20502,0.00032494116776101827,0.0009360481746628407,1.0
1.2052,0.00032495133359539173,0.0009360583404972142,1.0
1.20538,0.00032496149254840595,0.0009360684994502284,1.0
1.20556,0.00032497164462699123,0.0009360786515288137,1.0
1.20574,0.00032498178983808286,0.0009360887967399053,1.0
1.2059199999999999,0.0003249919281886056,0.0009360989350904281,1.0
1.2061,0.0003250020596854775,0.0009361090665873,1.0
1.20628,0.0003250121843356123,0.0009361191912374348,1.0
1.2064599999999999,0.0003250223021458895,0.000936129309047712,1.0
1.20664,0.00032503241312324444,0.0009361394200250669,1.0
1.20682,0.00032504251727450057,0.0009361495241763231,1.0
1.2069999999999999,0.000325052614606597,0.0009361596215084195,1.0
1.2071800000000001,0.00032506270512633106,0.0009361697120281536,1.0
1.20736,0.00032507278884059813,0.0009361797957424206,1.0
1.2075399999999998,0.000325082865756221,0.0009361898726580435,1.0
1.2077200000000001,0.0003250929358800371,0.0009361999427818596,1.0
1.2079,0.00032510299921887975,0.0009362100061207023,1.0
1.2080799999999998,0.00032511305577955277,0.0009362200626813753,1.0
1.2082600000000001,0.00032512310556889686,0.0009362301124707193,1.0
1.20844,0.00032513314859369325,0.0009362401554955157,1.0
1.20862,0.00032514318486071654,0.000936250191762539,1.0
1.2088,0.0003251532143767423,0.0009362602212785648,1.0
1.20898,0.0003251632371485791,0.0009362702440504015,1.0
1.20916,0.0003251732531829774,0.0009362802600847999,1.0
1.20934,0.0003251832624866569,0.0009362902693884794,1.0
1.20952,0.00032519326506641894,0.0009363002719682415,1.0
1.2097,0.0003252032609289388,0.0009363102678307614,1.0
1.20988,0.00032521325008100135,0.0009363202569828238,1.0
1.21006,0.0003252232325292804,0.000936330239431103,1.0
1.21024,0.00032523320828051585,0.0009363402151823383,1.0
1.21042,0.0003252431773413885,0.000936350184243211,1.0
1.2106,0.0003252531397185715,0.000936360146620394,1.0
1.21078,0.0003252630954188131,0.0009363701023206356,1.0
1.21096,0.0003252730444486877,0.0009363800513505101,1.0
1.2111399999999999,0.0003252829868149732,0.0009363899937167956,1.0
1.21132,0.0003252929225242427,0.0009363999294260652,1.0
1.2115,0.00032530285158317737,0.0009364098584849999,1.0
1.2116799999999999,0.0003253127739984056,0.0009364197809002281,1.0
1.21186,0.0003253226897765749,0.0009364296966783974,1.0
1.21204,0.0003253325989242596,0.0009364396058260821,1.0
1.2122199999999999,0.00032534250144812944,0.000936449508349952,1.0
1.2124000000000001,0.00032535239735477224,0.0009364594042565947,1.0
1.21258,0.00032536228665073385,0.0009364692935525563,1.0
1.2127599999999998,0.00032537216934268434,0.0009364791762445069,1.0
1.2129400000000001,0.00032538204543712025,0.0009364890523389427,1.0
1.21312,0.0003253919149406187,0.0009364989218424412,1.0
1.2132999999999998,0.00032540177785983076,0.0009365087847616532,1.0
1.2134800000000001,0.00032541163420118024,0.0009365186411030027,1.0
1.21366,0.00032542148397131317,0.0009365284908731356,1.0
1.21384,0.00032543132717669296,0.0009365383340785155,1.0
1.21402,0.000325441163823907,0.0009365481707257295,1.0
1.2142,0.00032545099391939776,0.0009365580008212202,1.0
1.21438,0.0003254608174697631,0.0009365678243715857,1.0
1.21456,0.00032547063448140086,0.0009365776413832233,1.0
1.21474,0.00032548044496090537,0.0009365874518627278,1.0
1.21492,0.00032549024891467625,0.0009365972558164988,1.0
1.2151,0.0003255000463492154,0.0009366070532510379,1.0
1.21528,0.00032550983727102034,0.0009366168441728429,1.0
1.21546,0.0003255196216864933,0.0009366266285883158,1.0
1.21564,0.00032552939960211227,0.0009366364065039347,1.0
1.21582,0.00032553917102433105,0.0009366461779261536,1.0
1.216,0.0003255489359595344,0.0009366559428613569,1.0
1.21618,0.0003255586944142124,0.0009366657013160349,1.0
1.2163599999999999,0.0003255684463947155,0.000936675453296538,1.0
1.21654,0.0003255781919074797,0.0009366851988093022,1.0
1.21672,0.00032558793095891034,0.0009366949378607328,1.0
1.2168999999999999,0.0003255976635553614,0.0009367046704571839,1.0
1.21708,0.00032560738970327426,0.0009367143966050968,1.0
1.21726,0.00032561710940894625,0.0009367241163107687,1.0
1.2174399999999999,0.00032562682267881166,0.0009367338295806341,1.0
1.2176200000000001,0.0003256365295191932,0.0009367435364210158,1.0
1.2178,0.0003256462299364561,0.0009367532368382786,1.0
1.2179799999999998,0.0003256559239368814,0.0009367629308387039,1.0
1.2181600000000001,0.0003256656115268876,0.0009367726184287101,1.0
1.21834,0.00032567529271271695,0.0009367822996145395,1.0
1.2185199999999998,0.00032568496750076404,0.0009367919744025866,1.0
1.2187000000000001,0.00032569463589726607,0.0009368016427990886,1.0
1.21888,0.0003257042979085278,0.0009368113048103503,1.0
1.21906,0.0003257139535408764,0.0009368209604426989,1.0
1.21924,0.0003257236028005841,0.0009368306097024067,1.0
1.21942,0.00032573324569389875,0.0009368402525957212,1.0
1.2196,0.0003257428822271322,0.0009368498891289547,1.0
1.21978,0.0003257525124064791,0.0009368595193083016,1.0
1.21996,0.0003257621362382217,0.0009368691431400442,1.0
1.22014,0.00032577175372862144,0.000936878760630444,1.0
1.22032,0.00032578136488386117,0.0009368883717856837,1.0
1.2205,0.0003257909697101865,0.000936897976612009,1.0
1.22068,0.0003258005682138599,0.0009369075751156824,1.0
1.22086,0.000325810160401022,0.0009369171673028445,1.0
1.22104,0.00032581974627792247,0.000936926753179745,1.0
1.22122,0.0003258293258507096,0.0009369363327525321,1.0
1.2214,0.0003258388991255996,0.0009369459060274221,1.0
1.2215799999999999,0.00032584846610876606,0.0009369554730105885,1.0
1.22176,0.00032585802680635314,0.0009369650337081757,1.0
1.22194,0.0003258675812245488,0.0009369745881263713,1.0
1.2221199999999999,0.0003258771293695018,0.0009369841362713243,1.0
1.2223,0.00032588667124732097,0.0009369936781491435,1.0
1.22248,0.00032589620686417086,0.0009370032137659934,1.0
1.2226599999999999,0.00032590573622619403,0.0009370127431280165,1.0
1.2228400000000001,0.00032591525933948204,0.0009370222662413045,1.0
1.22302,0.00032592477621015773,0.0009370317831119803,1.0
1.2231999999999998,0.00032593428684434537,0.0009370412937461678,1.0
1.2233800000000001,0.00032594379124810743,0.0009370507981499299,1.0
1.22356,0.00032595328942754083,0.0009370602963293634,1.0
1.2237399999999998,0.00032596278138874435,0.0009370697882905668,1.0
1.2239200000000001,0.0003259722671377962,0.0009370792740396186,1.0
1.2241,0.0003259817466807103,0.0009370887535825327,1.0
1.22428,0.0003259912200235838,0.0009370982269254063,1.0
1.22446,0.00032600068717244916,0.0009371076940742716,1.0
1.22464,0.0003260101481333657,0.0009371171550351881,1.0
1.22482,0.0003260196029123837,0.0009371266098142062,1.0
1.225,0.00032602905151547654,0.0009371360584172991,1.0
1.22518,0.0003260384939487043,0.0009371455008505268,1.0
1.22536,0.00032604793021805644,0.0009371549371198789,1.0
1.22554,0.0003260573603295167,0.0009371643672313392,1.0
1.22572,0.0003260667842891309,0.0009371737911909534,1.0
1.2259,0.0003260762021028434,0.0009371832090046659,1.0
1.22608,0.0003260856137766584,0.0009371926206784809,1.0
1.22626,0.00032609501931654764,0.0009372020262183702,1.0
1.22644,0.0003261044187284572,0.0009372114256302797,1.0
1.22662,0.0003261138120183313,0.0009372208189201538,1.0
1.2268,0.000326123199192125,0.0009372302060939475,1.0
1.22698,0.0003261325802558309,0.0009372395871576533,1.0
1.22716,0.00032614195521532346,0.0009372489621171459,1.0
1.2273399999999999,0.0003261513240765335,0.000937258330978356,1.0
1.22752,0.0003261606868454218,0.0009372676937472442,1.0
1.2277,0.0003261700435278486,0.0009372770504296711,1.0
1.2278799999999999,0.00032617939412973434,0.0009372864010315568,1.0
1.2280600000000002,0.00032618873865699846,0.0009372957455588209,1.0
1.22824,0.00032619807711546764,0.0009373050840172901,1.0
1.2284199999999998,0.00032620740951108174,0.0009373144164129042,1.0
1.2286000000000001,0.0003262167358497046,0.0009373237427515271,1.0
1.22878,0.0003262260561371551,0.0009373330630389775,1.0
1.2289599999999998,0.0003262353703793421,0.0009373423772811645,1.0
1.2291400000000001,0.0003262446785820917,0.0009373516854839142,1.0
1.22932,0.0003262539807512552,0.0009373609876530777,1.0
1.2295,0.0003262632768926638,0.0009373702837944863,1.0
1.22968,0.00032627256701213566,0.0009373795739139581,1.0
1.22986,0.0003262818511154985,0.000937388858017321,1.0
1.23004,0.00032629112920856424,0.0009373981361103867,1.0
1.23022,0.00032630040129714473,0.0009374074081989672,1.0
1.2304,0.0003263096673870347,0.0009374166742888571,1.0
1.23058,0.0003263189274839888,0.0009374259343858113,1.0
1.23076,0.00032632818159383884,0.0009374351884956613,1.0
1.23094,0.00032633742972235867,0.0009374444366241812,1.0
1.23112,0.00032634667187527095,0.0009374536787770934,1.0
1.2313,0.00032635590805835633,0.0009374629149601788,1.0
1.23148,0.00032636513827740614,0.0009374721451792286,1.0
1.23166,0.000326374362538129,0.0009374813694399515,1.0
1.23184,0.00032638358084625024,0.0009374905877480727,1.0
1.23202,0.00032639279320753535,0.0009374998001093578,1.0
1.2322,0.000326401999627692,0.0009375090065295146,1.0
1.23238,0.00032641120011241457,0.0009375182070142371,1.0
1.2325599999999999,0.0003264203946674526,0.0009375274015692751,1.0
1.23274,0.00032642958329849565,0.0009375365902003182,1.0
1.23292,0.000326438766011226,0.0009375457729130485,1.0
1.2330999999999999,0.0003264479428113414,0.000937554949713164,1.0
1.23328,0.00032645711370450886,0.0009375641206063313,1.0
1.23346,0.0003264662786964271,0.0009375732855982496,1.0
1.2336399999999998,0.0003264754377927039,0.0009375824446945264,1.0
1.2338200000000001,0.0003264845909990812,0.0009375915979009037,1.0
1.234,0.0003264937383211447,0.0009376007452229671,1.0
1.2341799999999998,0.00032650287976458204,0.0009376098866664045,1.0
1.2343600000000001,0.00032651201533497493,0.0009376190222367975,1.0
1.23454,0.00032652114503802854,0.000937628151939851,1.0
1.23472,0.00032653026887928,0.0009376372757811024,1.0
1.2349,0.00032653938686440974,0.0009376463937662322,1.0
1.23508,0.0003265484989989948,0.0009376555059008172,1.0
1.23526,0.0003265576052886677,0.0009376646121904902,1.0
1.23544,0.0003265667057389747,0.0009376737126407973,1.0
1.23562,0.00032657580035555495,0.0009376828072573775,1.0
1.2358,0.00032658488914394065,0.0009376918960457631,1.0
1.23598,0.00032659397210971984,0.0009377009790115423,1.0
1.23616,0.000326603049258462,0.0009377100561602846,1.0
1.23634,0.0003266121205957509,0.0009377191274975733,1.0
1.23652,0.0003266211861270997,0.0009377281930289221,1.0
1.2367,0.0003266302458580623,0.0009377372527598848,1.0
1.23688,0.0003266392997942004,0.0009377463066960229,1.0
1.23706,0.0003266483479410044,0.000937755354842827,1.0
1.23724,0.00032665739030403383,0.0009377643972058563,1.0
1.23742,0.0003266664268887947,0.0009377734337906172,1.0
1.2376,0.00032667545770077367,0.0009377824646025962,1.0
1.2377799999999999,0.0003266844827454749,0.0009377914896472974,1.0
1.23796,0.00032669350202845556,0.000937800508930278,1.0
1.23814,0.0003267025155551407,0.0009378095224569632,1.0
1.2383199999999999,0.0003267115233310141,0.0009378185302328366,1.0
1.2385,0.00032672052536159165,0.0009378275322634141,1.0
1.23868,0.0003267295216523038,0.0009378365285541263,1.0
1.2388599999999999,0.000326738512208617,0.0009378455191104395,1.0
1.2390400000000001,0.0003267474970360083,0.0009378545039378308,1.0
1.23922,0.0003267564761398746,0.0009378634830416971,1.0
1.2393999999999998,0.00032676544952572835,0.0009378724564275509,1.0
1.2395800000000001,0.00032677441719896217,0.0009378814241007847,1.0
1.23976,0.00032678337916498877,0.0009378903860668113,1.0
1.2399399999999998,0.00032679233542925133,0.0009378993423310738,1.0
1.2401200000000001,0.0003268012859971568,0.0009379082928989793,1.0
1.2403,0.0003268102308741168,0.0009379172377759393,1.0
1.24048,0.0003268191700654978,0.0009379261769673203,1.0
1.24066,0.0003268281035767595,0.000937935110478582,1.0
1.24084,0.0003268370314132259,0.0009379440383150484,1.0
1.24102,0.00032684595358030015,0.0009379529604821226,1.0
1.2412,0.0003268548700833229,0.0009379618769851454,1.0
1.24138,0.0003268637809276983,0.0009379707878295208,1.0
1.24156,0.00032687268611878193,0.0009379796930206045,1.0
1.24174,0.00032688158566192825,0.0009379885925637507,1.0
1.24192,0.0003268904795624731,0.0009379974864642956,1.0
1.2421,0.0003268993678257584,0.0009380063747275809,1.0
1.24228,0.000326908250457106,0.0009380152573589285,1.0
1.24246,0.00032691712746184926,0.0009380241343636717,1.0
1.24264,0.0003269259988453081,0.0009380330057471306,1.0
1.24282,0.0003269348646128016,0.0009380418715146241,1.0
1.2429999999999999,0.00032694372476957335,0.0009380507316713958,1.0
1.24318,0.0003269525793209954,0.0009380595862228179,1.0
1.24336,0.0003269614282723487,0.0009380684351741712,1.0
1.2435399999999999,0.0003269702716289296,0.0009380772785307521,1.0
1.24372,0.0003269791093959535,0.000938086116297776,1.0
1.2439,0.0003269879415787492,0.0009380949484805716,1.0
1.2440799999999999,0.000326996768182579,0.0009381037750844014,1.0
1.2442600000000001,0.0003270055892126568,0.0009381125961144792,1.0
1.24444,0.00032701440467427807,0.0009381214115761006,1.0
1.2446199999999998,0.0003270232145726992,0.0009381302214745217,1.0
1.2448000000000001,0.00032703201891312166,0.0009381390258149441,1.0
1.24498,0.0003270408177007879,0.0009381478246026104,1.0
1.2451599999999998,0.0003270496109409426,0.0009381566178427651,1.0
1.2453400000000001,0.00032705839863876937,0.0009381654055405919,1.0
1.24552,0.00032706718079952905,0.0009381741877013516,1.0
1.2457,0.00032707595742838275,0.0009381829643302052,1.0
1.24588,0.00032708472853054595,0.0009381917354323684,1.0
1.24606,0.0003270934941112402,0.0009382005010130627,1.0
1.24624,0.0003271022541756266,0.0009382092610774491,1.0
1.24642,0.00032711100872886913,0.0009382180156306916,1.0
1.2466,0.0003271197577762008,0.0009382267646780233,1.0
1.24678,0.0003271285013227274,0.0009382355082245498,1.0
1.24696,0.0003271372393736086,0.000938244246275431,1.0
1.24714,0.0003271459719340244,0.0009382529788358469,1.0
1.24732,0.00032715469900916166,0.0009382617059109841,1.0
1.2475,0.00032716342060410406,0.0009382704275059265,1.0
1.24768,0.0003271721367239814,0.0009382791436258039,1.0
1.24786,0.00032718084737398727,0.0009382878542758097,1.0
1.24804,0.00032718955255918724,0.0009382965594610098,1.0
1.2482199999999999,0.00032719825228471857,0.0009383052591865411,1.0
1.2484,0.00032720694655568347,0.000938313953457506,1.0
1.24858,0.0003272156353771979,0.0009383226422790204,1.0
1.2487599999999999,0.00032722431875435677,0.0009383313256561793,1.0
1.24894,0.0003272329966922308,0.0009383400035940533,1.0
1.24912,0.00032724166919591963,0.0009383486760977421,1.0
1.2492999999999999,0.00032725033627049253,0.000938357343172315,1.0
1.2494800000000001,0.00032725899792108407,0.0009383660048229066,1.0
1.24966,0.000327267654152643,0.0009383746610544655,1.0
1.2498399999999998,0.00032727630497033673,0.0009383833118721593,1.0
1.2500200000000001,0.0003272849503791632,0.0009383919572809856,1.0
1.2502,0.0003272935903841723,0.0009384005972859948,1.0
1.2503799999999998,0.00032730222499042057,0.0009384092318922431,1.0
1.2505600000000001,0.0003273108542029694,0.0009384178611047918,1.0
1.25074,0.00032731947802679335,0.0009384264849286158,1.0
1.25092,0.0003273280964669269,0.0009384351033687494,1.0
1.2511,0.0003273367095283777,0.0009384437164302002,1.0
1.25128,0.00032734531721619417,0.0009384523241180167,1.0
1.25146,0.0003273539195353768,0.0009384609264371992,1.0
1.25164,0.00032736251649089626,0.0009384695233927187,1.0
1.25182,0.00032737110808771084,0.0009384781149895333,1.0
1.252,0.00032737969433090027,0.0009384867012327228,1.0
1.25218,0.00032738827522538444,0.0009384952821272069,1.0
1.25236,0.0003273968507761325,0.000938503857677955,1.0
1.25254,0.0003274054209881091,0.0009385124278899316,1.0
1.25272,0.0003274139858663127,0.0009385209927681353,1.0
1.2529,0.0003274225454156362,0.0009385295523174587,1.0
1.25308,0.00032743109964110227,0.0009385381065429247,1.0
1.25326,0.0003274396485475961,0.0009385466554494187,1.0
1.2534399999999999,0.00032744819214006426,0.0009385551990418867,1.0
1.25362,0.0003274567304234594,0.0009385637373252819,1.0
1.2538,0.00032746526340267026,0.0009385722703044927,1.0
1.2539799999999999,0.0003274737910826579,0.0009385807979844804,1.0
1.25416,0.0003274823134683172,0.0009385893203701397,1.0
1.25434,0.00032749083056454536,0.0009385978374663678,1.0
1.2545199999999999,0.00032749934237623595,0.0009386063492780584,1.0
1.2547000000000001,0.00032750784890828394,0.0009386148558101064,1.0
1.25488,0.00032751635016559956,0.000938623357067422,1.0
1.2550599999999998,0.000327524846153044,0.0009386318530548664,1.0
1.2552400000000001,0.00032753333687551156,0.000938640343777334,1.0
1.25542,0.00032754182233784955,0.000938648829239672,1.0
1.2555999999999998,0.0003275503025449187,0.0009386573094467412,1.0
1.2557800000000001,0.0003275587775016372,0.0009386657844034597,1.0
1.25596,0.0003275672472127723,0.0009386742541145948,1.0
1.25614,0.0003275757116832228,0.0009386827185850453,1.0
1.25632,0.0003275841709178105,0.000938691177819633,1.0
1.2565,0.00032759262492135634,0.0009386996318231788,1.0
1.25668,0.00032760107369873376,0.0009387080806005563,1.0
1.25686,0.0003276095172547249,0.0009387165241565474,1.0
1.25704,0.0003276179555941386,0.0009387249624959611,1.0
1.25722,0.0003276263887218354,0.0009387333956236579,1.0
1.2574,0.0003276348166425728,0.0009387418235443953,1.0
1.25758,0.00032764323936117137,0.0009387502462629939,1.0
1.25776,0.00032765165688241417,0.0009387586637842366,1.0
1.25794,0.00032766006921110095,0.0009387670761129234,1.0
1.25812,0.0003276684763520051,0.0009387754832538276,1.0
1.2583,0.0003276768783098826,0.000938783885211705,1.0
1.25848,0.000327685275089518,0.0009387922819913405,1.0
1.25866,0.00032769366669569,0.0009388006735975125,1.0
1.25884,0.0003277020531331614,0.0009388090600349839,1.0
1.25902,0.0003277104344066573,0.0009388174413084798,1.0
1.2591999999999999,0.0003277188105209428,0.0009388258174227652,1.0
1.25938,0.000327727181480732,0.0009388341883825545,1.0
1.25956,0.0003277355472907829,0.0009388425541926054,1.0
1.2597399999999999,0.0003277439079558372,0.0009388509148576597,1.0
1.25992,0.00032775226348055405,0.0009388592703823765,1.0
1.2601,0.000327760613869737,0.0009388676207715595,1.0
1.2602799999999998,0.000327768959128042,0.0009388759660298644,1.0
1.2604600000000001,0.0003277772992601878,0.0009388843061620103,1.0
1.26064,0.0003277856342708917,0.0009388926411727142,1.0
1.2608199999999998,0.0003277939641648073,0.0009389009710666298,1.0
1.2610000000000001,0.0003278022889466878,0.0009389092958485103,1.0
1.26118,0.0003278106086211744,0.0009389176155229969,1.0
1.26136,0.00032781892319289584,0.0009389259300947183,1.0
1.26154,0.00032782723266662744,0.0009389342395684499,1.0
1.26172,0.0003278355370469672,0.0009389425439487897,1.0
1.2619,0.0003278438363385606,0.0009389508432403831,1.0
1.26208,0.00032785213054614123,0.0009389591374479637,1.0
1.26226,0.0003278604196743089,0.0009389674265761314,1.0
1.26244,0.00032786870372770473,0.0009389757106295272,1.0
1.26262,0.00032787698271093357,0.0009389839896127561,1.0
1.2628,0.00032788525662868557,0.000938992263530508,1.0
1.26298,0.0003278935254855875,0.0009390005323874099,1.0
1.26316,0.00032790178928621106,0.0009390087961880335,1.0
1.26334,0.00032791004803520705,0.0009390170549370295,1.0
1.26352,0.0003279183017372002,0.0009390253086390227,1.0
1.2637,0.0003279265503967419,0.0009390335572985644,1.0
1.26388,0.00032793479401848735,0.0009390418009203098,1.0
1.26406,0.000327943032606966,0.0009390500395087885,1.0
1.26424,0.0003279512661668314,0.0009390582730686538,1.0
1.2644199999999999,0.000327959494702622,0.0009390665016044445,1.0
1.2646,0.00032796771821895916,0.0009390747251207816,1.0
1.26478,0.00032797593672033345,0.0009390829436221559,1.0
1.2649599999999999,0.0003279841502113896,0.0009390911571132121,1.0
1.26514,0.0003279923586966368,0.0009390993655984593,1.0
1.26532,0.00032800056218066173,0.0009391075690824843,1.0
1.2654999999999998,0.0003280087606680369,0.0009391157675698594,1.0
1.2656800000000001,0.00032801695416323886,0.0009391239610650613,1.0
1.26586,0.0003280251426708305,0.000939132149572653,1.0
1.2660399999999998,0.0003280333261953328,0.0009391403330971553,1.0
1.2662200000000001,0.00032804150474131054,0.000939148511643133,1.0
1.2664,0.0003280496783132616,0.0009391566852150841,1.0
1.2665799999999998,0.0003280578469157169,0.0009391648538175394,1.0
1.26676,0.0003280660105531882,0.0009391730174550107,1.0
1.26694,0.00032807416923014187,0.0009391811761319644,1.0
1.26712,0.00032808232295111804,0.0009391893298529405,1.0
1.2673,0.00032809047172057326,0.0009391974786223957,1.0
1.26748,0.00032809861554305986,0.0009392056224448823,1.0
1.26766,0.0003281067544229838,0.0009392137613248063,1.0
1.26784,0.000328114888364869,0.0009392218952666915,1.0
1.26802,0.00032812301737317575,0.0009392300242749982,1.0
1.2682,0.00032813114145240275,0.0009392381483542252,1.0
1.26838,0.0003281392606069469,0.0009392462675087694,1.0
1.26856,0.0003281473748413403,0.0009392543817431627,1.0
1.26874,0.00032815548415996364,0.0009392624910617861,1.0
1.26892,0.0003281635885673058,0.0009392705954691283,1.0
1.2691,0.00032817168806778947,0.000939278694969612,1.0
1.26928,0.00032817978266587,0.0009392867895676925,1.0
1.26946,0.0003281878723659606,0.0009392948792677831,1.0
1.2696399999999999,0.0003281959571724763,0.0009393029640742988,1.0
1.26982,0.0003282040370898598,0.0009393110439916822,1.0
1.27,0.0003282121121225272,0.0009393191190243497,1.0
1.2701799999999999,0.0003282201822748583,0.0009393271891766808,1.0
1.27036,0.00032822824755127144,0.0009393352544530939,1.0
1.27054,0.00032823630795617546,0.000939343314857998,1.0
1.2707199999999998,0.0003282443634939577,0.0009393513703957802,1.0
1.2709000000000001,0.0003282524141689865,0.0009393594210708089,1.0
1.27108,0.00032826045998568494,0.0009393674668875074,1.0
1.2712599999999998,0.0003282685009483949,0.0009393755078502174,1.0
1.2714400000000001,0.0003282765370614881,0.0009393835439633106,1.0
1.27162,0.00032828456832934754,0.00093939157523117,1.0
1.2717999999999998,0.00032829259475632497,0.0009393996016581474,1.0
1.27198,0.0003283006163467917,0.0009394076232486141,1.0
1.27216,0.00032830863310507306,0.0009394156400068955,1.0
1.27234,0.00032831664503556315,0.0009394236519373856,1.0
1.27252,0.0003283246521425131,0.0009394316590443356,1.0
1.2727,0.0003283326544303418,0.0009394396613321643,1.0
1.27288,0.00032834065190336434,0.0009394476588051868,1.0
1.27306,0.0003283486445658916,0.000939455651467714,1.0
1.27324,0.0003283566324222369,0.0009394636393240594,1.0
1.27342,0.0003283646154767203,0.0009394716223785428,1.0
1.2736,0.000328372593733676,0.0009394796006354985,1.0
1.27378,0.0003283805671973566,0.0009394875740991791,1.0
1.27396,0.00032838853587212677,0.0009394955427739493,1.0
1.27414,0.00032839649976221496,0.0009395035066640375,1.0
1.27432,0.00032840445887194817,0.0009395114657737707,1.0
1.2745,0.0003284124132056306,0.0009395194201074532,1.0
1.27468,0.0003284203627674886,0.0009395273696693111,1.0
1.2748599999999999,0.0003284283075618287,0.0009395353144636511,1.0
1.27504,0.00032843624759291024,0.0009395432544947327,1.0
1.27522,0.000328444182865007,0.0009395511897668295,1.0
1.2753999999999999,0.0003284521133823675,0.0009395591202841899,1.0
1.27558,0.00032846003914923283,0.0009395670460510553,1.0
1.27576,0.00032846796016988336,0.0009395749670717058,1.0
1.2759399999999999,0.00032847587644855767,0.0009395828833503802,1.0
1.2761200000000001,0.0003284837879894939,0.0009395907948913163,1.0
1.2763,0.00032849169479688776,0.0009395987016987102,1.0
1.2764799999999998,0.0003284995968749874,0.00093960660377681,1.0
1.2766600000000001,0.0003285074942280393,0.0009396145011298619,1.0
1.27684,0.00032851538686026874,0.0009396223937620913,1.0
1.2770199999999998,0.0003285232747758274,0.0009396302816776498,1.0
1.2772000000000001,0.0003285311579790013,0.0009396381648808239,1.0
1.27738,0.0003285390364739219,0.0009396460433757443,1.0
1.27756,0.00032854691026483593,0.0009396539171666584,1.0
1.27774,0.00032855477935595716,0.0009396617862577796,1.0
1.27792,0.0003285626437513664,0.0009396696506531888,1.0
1.2781,0.000328570503455376,0.0009396775103571984,1.0
1.27828,0.0003285783584721179,0.0009396853653739404,1.0
1.27846,0.0003285862088057287,0.0009396932157075511,1.0
1.27864,0.0003285940544604237,0.0009397010613622463,1.0
1.27882,0.0003286018954403403,0.0009397089023421628,1.0
1.279,0.0003286097317496632,0.0009397167386514856,1.0
1.27918,0.00032861756339249673,0.0009397245702943192,1.0
1.27936,0.0003286253903730357,0.0009397323972748582,1.0
1.27954,0.00032863321269538794,0.0009397402195972104,1.0
1.27972,0.00032864103036375325,0.0009397480372655757,1.0
1.2799,0.0003286488433822358,0.0009397558502840582,1.0
1.2800799999999999,0.0003286566517549553,0.0009397636586567778,1.0
1.28026,0.0003286644554860279,0.0009397714623878504,1.0
1.28044,0.0003286722545795782,0.0009397792614814007,1.0
1.2806199999999999,0.00032868004903973243,0.0009397870559415549,1.0
1.2808,0.00032868783887060393,0.0009397948457724264,1.0
1.28098,0.00032869562407629357,0.0009398026309781161,1.0
1.2811599999999999,0.0003287034046608873,0.0009398104115627098,1.0
1.2813400000000001,0.0003287111806285031,0.0009398181875303256,1.0
1.28152,0.000328718951983232,0.0009398259588850545,1.0
1.2816999999999998,0.0003287267187291297,0.0009398337256309522,1.0
1.2818800000000001,0.00032873448087030073,0.0009398414877721232,1.0
1.28206,0.00032874223841081944,0.0009398492453126419,1.0
1.2822399999999998,0.00032874999135477305,0.0009398569982565955,1.0
1.2824200000000001,0.0003287577397061994,0.0009398647466080218,1.0
1.2826,0.00032876548346916733,0.0009398724903709898,1.0
1.28278,0.0003287732226477684,0.0009398802295495908,1.0
1.28296,0.0003287809572459725,0.000939887964147795,1.0
1.28314,0.00032878868726791716,0.0009398956941697396,1.0
1.28332,0.00032879641271761677,0.0009399034196194392,1.0
1.2835,0.00032880413359907644,0.000939911140500899,1.0
1.28368,0.00032881184991640487,0.0009399188568182274,1.0
1.28386,0.00032881956167354616,0.0009399265685753686,1.0
1.28404,0.0003288272688745517,0.0009399342757763742,1.0
1.28422,0.00032883497152346873,0.0009399419784252912,1.0
1.2844,0.00032884266962426937,0.0009399496765260919,1.0
1.28458,0.00032885036318102025,0.0009399573700828428,1.0
1.28476,0.0003288580521976912,0.0009399650590995138,1.0
1.28494,0.0003288657366782434,0.0009399727435800659,1.0
1.28512,0.00032887341662677966,0.0009399804235286021,1.0
1.2852999999999999,0.00032888109204719435,0.0009399880989490168,1.0
1.28548,0.0003288887629434869,0.0009399957698453094,1.0
1.28566,0.000328896429319707,0.0009400034362215295,1.0
1.2858399999999999,0.0003289040911797346,0.0009400110980815571,1.0
1.28602,0.0003289117485276202,0.0009400187554294427,1.0
1.2862,0.00032891940136729037,0.0009400264082691128,1.0
1.2863799999999999,0.0003289270497027328,0.0009400340566045552,1.0
1.28656,0.0003289346935378712,0.0009400417004396936,1.0
1.28674,0.0003289423328767067,0.0009400493397785292,1.0
1.2869199999999998,0.00032894996772316634,0.0009400569746249889,1.0
1.2871000000000001,0.0003289575980811909,0.0009400646049830133,1.0
1.28728,0.0003289652239547036,0.0009400722308565261,1.0
1.2874599999999998,0.00032897284534772365,0.0009400798522495461,1.0
1.2876400000000001,0.00032898046226405395,0.0009400874691658764,1.0
1.28782,0.0003289880747076919,0.0009400950816095145,1.0
1.288,0.0003289956826825874,0.0009401026895844099,1.0
1.28818,0.00032900328619260094,0.0009401102930944234,1.0
1.28836,0.0003290108852417042,0.0009401178921435267,1.0
1.28854,0.00032901847983374325,0.0009401254867355657,1.0
1.28872,0.000329026069972634,0.0009401330768744565,1.0
1.2889,0.00032903365566230294,0.0009401406625641254,1.0
1.28908,0.0003290412369066296,0.0009401482438084521,1.0
1.28926,0.0003290488137095441,0.0009401558206113666,1.0
1.28944,0.00032905638607487605,0.0009401633929766985,1.0
1.28962,0.00032906395400651456,0.000940170960908337,1.0
1.2898,0.00032907151750834906,0.0009401785244101716,1.0
1.28998,0.000329079076584255,0.0009401860834860775,1.0
1.29016,0.00032908663123808163,0.0009401936381399042,1.0
1.29034,0.0003290941814737122,0.0009402011883755347,1.0
1.29052,0.0003291017272950139,0.0009402087341968365,1.0
1.2907,0.0003291092687058318,0.0009402162756076543,1.0
1.29088,0.0003291168057100039,0.0009402238126118264,1.0
1.2910599999999999,0.00032912433831136094,0.0009402313452131835,1.0
1.29124,0.0003291318665137759,0.0009402388734155985,1.0
1.29142,0.00032913939032109277,0.0009402463972229152,1.0
1.2915999999999999,0.00032914690973708416,0.0009402539166389066,1.0
1.29178,0.0003291544247656676,0.0009402614316674901,1.0
1.29196,0.0003291619354106043,0.0009402689423124268,1.0
1.2921399999999998,0.0003291694416757043,0.0009402764485775268,1.0
1.2923200000000001,0.0003291769435648334,0.0009402839504666559,1.0
1.2925,0.00032918444108175906,0.0009402914479835815,1.0
1.2926799999999998,0.000329191934230275,0.0009402989411320975,1.0
1.2928600000000001,0.0003291994230142401,0.0009403064299160625,1.0
1.29304,0.0003292069074374151,0.0009403139143392376,1.0
1.2932199999999998,0.00032921438750356383,0.0009403213944053863,1.0
1.2934,0.00032922186321651805,0.0009403288701183405,1.0
1.29358,0.00032922933458008597,0.0009403363414819085,1.0
1.29376,0.00032923680159797816,0.0009403438084998007,1.0
1.29394,0.00032924426427399946,0.0009403512711758219,1.0
1.29412,0.0003292517226119186,0.0009403587295137412,1.0
1.2943,0.0003292591766155227,0.0009403661835173452,1.0
1.29448,0.00032926662628851957,0.000940373633190342,1.0
1.29466,0.000329274071634757,0.0009403810785365795,1.0
1.29484,0.00032928151265788436,0.0009403885195597068,1.0
1.29502,0.000329288949361745,0.0009403959562635675,1.0
1.2952,0.00032929638175000446,0.0009404033886518269,1.0
1.29538,0.0003293038098264213,0.0009404108167282438,1.0
1.29556,0.0003293112335947796,0.0009404182404966021,1.0
1.29574,0.00032931865305877713,0.0009404256599605996,1.0
1.29592,0.00032932606822213287,0.0009404330751239553,1.0
1.2961,0.0003293334790885753,0.0009404404859903977,1.0
1.2962799999999999,0.000329340885661825,0.0009404478925636474,1.0
1.29646,0.0003293482879456043,0.0009404552948474268,1.0
1.29664,0.00032935568594363407,0.0009404626928454566,1.0
1.2968199999999999,0.0003293630796595676,0.0009404700865613901,1.0
1.297,0.00032937046909716785,0.0009404774759989903,1.0
1.29718,0.00032937785426010656,0.000940484861161929,1.0
1.2973599999999998,0.0003293852351520722,0.0009404922420538947,1.0
1.2975400000000001,0.00032939261177676425,0.0009404996186785867,1.0
1.29772,0.00032939998413784616,0.0009405069910396686,1.0
1.2978999999999998,0.00032940735223900883,0.0009405143591408314,1.0
1.2980800000000001,0.0003294147160839608,0.0009405217229857833,1.0
1.29826,0.00032942207567633977,0.0009405290825781623,1.0
1.2984399999999998,0.0003294294310198109,0.0009405364379216334,1.0
1.29862,0.00032943678211808667,0.0009405437890199092,1.0
1.2988,0.0003294441289747345,0.0009405511358765569,1.0
1.29898,0.0003294514715934986,0.000940558478495321,1.0
1.29916,0.00032945880997796716,0.0009405658168797897,1.0
1.29934,0.00032946614413182545,0.0009405731510336479,1.0
1.29952,0.00032947347405871106,0.0009405804809605335,1.0
1.2997,0.000329480799762261,0.0009405878066640835,1.0
1.29988,0.00032948812124610887,0.0009405951281479313,1.0
1.30006,0.00032949543851386017,0.0009406024454156827,1.0
1.30024,0.00032950275156918597,0.0009406097584710085,1.0
1.30042,0.0003295100604156644,0.0009406170673174869,1.0
1.3006,0.00032951736505694933,0.0009406243719587719,1.0
1.30078,0.00032952466549663787,0.0009406316723984604,1.0
1.30096,0.0003295319617383289,0.0009406389686401513,1.0
1.30114,0.00032953925378565634,0.0009406462606874788,1.0
1.30132,0.0003295465416422002,0.0009406535485440228,1.0
1.3014999999999999,0.00032955382531154096,0.0009406608322133634,1.0
1.30168,0.0003295611047973133,0.0009406681116991358,1.0
1.30186,0.00032956838010308613,0.0009406753870049086,1.0
1.3020399999999999,0.00032957565123244804,0.0009406826581342706,1.0
1.30222,0.0003295829181889643,0.0009406899250907867,1.0
1.3024,0.00032959018097623074,0.0009406971878780533,1.0
1.3025799999999998,0.00032959743959781415,0.0009407044464996366,1.0
1.3027600000000001,0.0003296046940572933,0.0009407117009591157,1.0
1.30294,0.0003296119443582067,0.0009407189512600292,1.0
1.3031199999999998,0.00032961919050414324,0.0009407261974059657,1.0
1.3033000000000001,0.00032962643249860585,0.0009407334394004284,1.0
1.30348,0.0003296336703452261,0.0009407406772470486,1.0
1.3036599999999998,0.0003296409040475208,0.0009407479109493433,1.0
1.30384,0.0003296481336089985,0.000940755140510821,1.0
1.30402,0.00032965535903326654,0.000940762365935089,1.0
1.3042,0.0003296625803237841,0.0009407695872256066,1.0
1.30438,0.00032966979748416154,0.000940776804385984,1.0
1.30456,0.0003296770105178641,0.0009407840174196866,1.0
1.30474,0.0003296842194284336,0.000940791226330256,1.0
1.30492,0.0003296914242193989,0.0009407984311212214,1.0
1.3051,0.0003296986248942926,0.0009408056317961151,1.0
1.30528,0.0003297058214566236,0.0009408128283584461,1.0
1.30546,0.0003297130139098525,0.0009408200208116751,1.0
1.30564,0.0003297202022575284,0.0009408272091593508,1.0
1.30582,0.00032972738650312083,0.0009408343934049434,1.0
1.306,0.00032973456665018607,0.0009408415735520086,1.0
1.30618,0.0003297417427021654,0.0009408487496039878,1.0
1.30636,0.00032974891466251374,0.0009408559215643362,1.0
1.30654,0.0003297560825348306,0.0009408630894366531,1.0
1.3067199999999999,0.00032976324632247956,0.0009408702532243021,1.0
1.3069,0.0003297704060289996,0.000940877412930822,1.0
1.30708,0.0003297775616578572,0.0009408845685596797,1.0
1.3072599999999999,0.00032978471321252686,0.0009408917201143494,1.0
1.30744,0.0003297918606964258,0.0009408988675982484,1.0
1.30762,0.00032979900411306837,0.0009409060110148909,1.0
1.3077999999999999,0.00032980614346588867,0.0009409131503677112,1.0
1.3079800000000001,0.00032981327875833486,0.0009409202856601574,1.0
1.30816,0.00032982040999386653,0.000940927416895689,1.0
1.3083399999999998,0.00032982753717593414,0.0009409345440777566,1.0
1.3085200000000001,0.0003298346603079899,0.0009409416672098124,1.0
1.3087,0.00032984177939342056,0.000940948786295243,1.0
1.3088799999999998,0.0003298488944357102,0.0009409559013375327,1.0
1.3090600000000001,0.0003298560054382949,0.0009409630123401174,1.0
1.30924,0.00032986311240454537,0.0009409701193063679,1.0
1.30942,0.0003298702153379353,0.0009409772222397578,1.0
1.3096,0.00032987731424183797,0.0009409843211436605,1.0
1.30978,0.00032988440911974005,0.0009409914160215625,1.0
1.30996,0.0003298914999749813,0.0009409985068768037,1.0
1.31014,0.00032989858681100513,0.0009410055937128276,1.0
1.31032,0.0003299056696311981,0.0009410126765330205,1.0
1.3105,0.0003299127484389486,0.000941019755340771,1.0
1.31068,0.00032991982323770015,0.0009410268301395226,1.0
1.31086,0.00032992689403079734,0.0009410339009326198,1.0
1.31104,0.0003299339608216373,0.0009410409677234597,1.0
1.31122,0.0003299410236136363,0.0009410480305154588,1.0
1.3114,0.0003299480824100901,0.0009410550893119126,1.0
1.31158,0.00032995513721448375,0.0009410621441163062,1.0
1.31176,0.0003299621880301275,0.00094106919493195,1.0
1.3119399999999999,0.00032996923486042017,0.0009410762417622427,1.0
1.31212,0.00032997627770869225,0.0009410832846105147,1.0
1.3123,0.000329983316578312,0.0009410903234801345,1.0
1.3124799999999999,0.00032999035147265513,0.0009410973583744776,1.0
1.31266,0.0003299973823950727,0.0009411043892968952,1.0
1.31284,0.00033000440934891464,0.0009411114162507371,1.0
1.3130199999999999,0.00033001143233750863,0.0009411184392393311,1.0
1.3132,0.00033001845136423495,0.0009411254582660574,1.0
1.31338,0.00033002546643237185,0.0009411324733341943,1.0
1.3135599999999998,0.00033003247754530404,0.0009411394844471265,1.0
1.3137400000000001,0.0003300394847063609,0.0009411464916081833,1.0
1.31392,0.00033004648791883236,0.0009411534948206548,1.0
1.3140999999999998,0.0003300534871860724,0.0009411604940878949,1.0
1.3142800000000001,0.0003300604825114208,0.0009411674894132434,1.0
1.31446,0.00033006747389815257,0.000941174480799975,1.0
1.31464,0.00033007446134959706,0.0009411814682514195,1.0
1.31482,0.0003300814448690899,0.0009411884517709124,1.0
1.315,0.0003300884244598892,0.0009411954313617117,1.0
1.31518,0.0003300954001252922,0.0009412024070271146,1.0
1.31536,0.0003301023718686485,0.000941209378770471,1.0
1.31554,0.0003301093396932334,0.0009412163465950559,1.0
1.31572,0.00033011630360233634,0.0009412233105041588,1.0
1.3159,0.00033012326359921985,0.0009412302705010423,1.0
1.31608,0.0003301302196872058,0.0009412372265890283,1.0
1.31626,0.0003301371718695301,0.0009412441787713526,1.0
1.31644,0.0003301441201494967,0.0009412511270513192,1.0
1.31662,0.00033015106453039827,0.0009412580714322208,1.0
1.3168,0.00033015800501543527,0.0009412650119172577,1.0
1.31698,0.000330164941607926,0.0009412719485097484,1.0
1.3171599999999999,0.0003301718743111582,0.0009412788812129807,1.0
1.31734,0.00033017880312831595,0.0009412858100301385,1.0
1.31752,0.00033018572806271557,0.0009412927349645381,1.0
1.3176999999999999,0.00033019264911756833,0.0009412996560193908,1.0
1.31788,0.00033019956629614153,0.000941306573197964,1.0
1.31806,0.0003302064796016636,0.0009413134865034861,1.0
1.3182399999999999,0.000330213389037409,0.0009413203959392315,1.0
1.31842,0.0003302202946065511,0.0009413273015083737,1.0
1.3186,0.00033022719631238946,0.000941334203214212,1.0
1.3187799999999998,0.00033023409415807906,0.0009413411010599016,1.0
1.3189600000000001,0.00033024098814693584,0.0009413479950487584,1.0
1.31914,0.0003302478782821292,0.0009413548851839517,1.0
1.3193199999999998,0.00033025476456688163,0.0009413617714687042,1.0
1.3195000000000001,0.0003302616470043774,0.0009413686539062,1.0
1.31968,0.0003302685255978917,0.0009413755324997142,1.0
1.3198599999999998,0.0003302754003505771,0.0009413824072523996,1.0
1.32004,0.0003302822712656764,0.000941389278167499,1.0
1.32022,0.0003302891383463514,0.0009413961452481739,1.0
1.3204,0.00033029600159585344,0.0009414030084976759,1.0
1.32058,0.0003303028610173291,0.0009414098679191515,1.0
1.32076,0.00033030971661399106,0.0009414167235158135,1.0
1.32094,0.00033031656838900615,0.0009414235752908287,1.0
1.32112,0.0003303234163455851,0.0009414304232474077,1.0
1.3213,0.0003303302604868445,0.000941437267388667,1.0
1.32148,0.0003303371008160549,0.0009414441077178774,1.0
1.32166,0.000330343937336307,0.0009414509442381295,1.0
1.32184,0.0003303507700508142,0.0009414577769526367,1.0
1.32202,0.00033035759896272207,0.0009414646058645446,1.0
1.3222,0.0003303644240752092,0.0009414714309770317,1.0
1.3223799999999999,0.00033037124539141084,0.0009414782522932333,1.0
1.32256,0.00033037806291449137,0.0009414850698163139,1.0
1.32274,0.00033038487664761396,0.0009414918835494364,1.0
1.3229199999999999,0.0003303916865939165,0.000941498693495739,1.0
1.3231,0.0003303984927565763,0.0009415054996583988,1.0
1.32328,0.0003304052951386503,0.0009415123020404727,1.0
1.3234599999999999,0.00033041209374333165,0.0009415191006451541,1.0
1.32364,0.0003304188885737877,0.0009415258954756102,1.0
1.32382,0.00033042567963306654,0.000941532686534889,1.0
1.3239999999999998,0.00033043246692439436,0.0009415394738262169,1.0
1.3241800000000001,0.0003304392504507965,0.000941546257352619,1.0
1.32436,0.00033044603021543744,0.0009415530371172599,1.0
1.3245399999999998,0.0003304528062214565,0.000941559813123279,1.0
1.3247200000000001,0.00033045957847191486,0.0009415665853737373,1.0
1.3249,0.00033046634696998146,0.000941573353871804,1.0
1.3250799999999998,0.000330473111718721,0.0009415801186205435,1.0
1.32526,0.00033047987272124494,0.0009415868796230674,1.0
1.32544,0.0003304866299806598,0.0009415936368824823,1.0
1.32562,0.00033049338350003133,0.0009416003904018538,1.0
1.3258,0.0003305001332824923,0.0009416071401843148,1.0
1.32598,0.0003305068793311596,0.0009416138862329821,1.0
1.32616,0.0003305136216490146,0.000941620628550837,1.0
1.32634,0.0003305203602392515,0.0009416273671410741,1.0
1.32652,0.00033052709510486257,0.000941634102006685,1.0
1.3267,0.00033053382624899223,0.0009416408331508147,1.0
1.32688,0.0003305405536746541,0.0009416475605764766,1.0
1.32706,0.00033054727738496693,0.0009416542842867894,1.0
1.32724,0.0003305539973829743,0.0009416610042847968,1.0
1.32742,0.0003305607136717565,0.000941667720573579,1.0
1.3276,0.00033056742625431606,0.0009416744331561385,1.0
1.32778,0.00033057413513375855,0.000941681142035581,1.0
1.32796,0.0003305808403131405,0.000941687847214963,1.0
1.3281399999999999,0.00033058754179550524,0.0009416945486973277,1.0
1.32832,0.00033059423958386536,0.0009417012464856878,1.0
1.3285,0.0003306009336812952,0.0009417079405831176,1.0
1.3286799999999999,0.00033060762409083843,0.0009417146309926609,1.0
1.32886,0.00033061431081549077,0.0009417213177173133,1.0
1.32904,0.00033062099385835234,0.0009417280007601749,1.0
1.3292199999999998,0.0003306276732223672,0.0009417346801241897,1.0
1.3294000000000001,0.00033063434891062967,0.0009417413558124522,1.0
1.32958,0.0003306410209261233,0.0009417480278279457,1.0
1.3297599999999998,0.0003306476892718869,0.0009417546961737093,1.0
1.3299400000000001,0.00033065435395093626,0.0009417613608527588,1.0
1.33012,0.00033066101496627783,0.0009417680218681004,1.0
1.3302999999999998,0.0003306676723209224,0.0009417746792227449,1.0
1.33048,0.0003306743260178733,0.0009417813329196958,1.0
1.33066,0.00033068097606013606,0.0009417879829619585,1.0
1.33084,0.00033068762245069724,0.0009417946293525197,1.0
1.33102,0.0003306942651925697,0.0009418012720943922,1.0
1.3312,0.00033070090428876894,0.0009418079111905914,1.0
1.33138,0.000330707539742221,0.0009418145466440434,1.0
1.33156,0.0003307141715559782,0.0009418211784578006,1.0
1.33174,0.00033072079973295326,0.0009418278066347758,1.0
1.33192,0.00033072742427620413,0.0009418344311780266,1.0
1.3321,0.00033073404518865095,0.0009418410520904734,1.0
1.33228,0.0003307406624732977,0.0009418476693751202,1.0
1.33246,0.00033074727613310824,0.0009418542830349308,1.0
1.33264,0.0003307538861710452,0.0009418608930728677,1.0
1.33282,0.0003307604925900071,0.0009418674994918296,1.0
1.333,0.0003307670953930747,0.0009418741022948973,1.0
1.33318,0.00033077369458314076,0.0009418807014849632,1.0
1.3333599999999999,0.0003307802901631863,0.0009418872970650089,1.0
1.33354,0.0003307868821361154,0.000941893889037938,1.0
1.33372,0.0003307934705049109,0.0009419004774067334,1.0
1.3338999999999999,0.00033080005527250854,0.0009419070621743311,1.0
1.33408,0.00033080663644184807,0.0009419136433436706,1.0
1.33426,0.0003308132140158945,0.000941920220917717,1.0
1.3344399999999998,0.00033081978799754535,0.0009419267948993678,1.0
1.3346200000000001,0.00033082635838972663,0.0009419333652915491,1.0
1.3348,0.00033083292519540416,0.0009419399320972266,1.0
1.3349799999999998,0.0003308394884174642,0.0009419464953192867,1.0
1.3351600000000001,0.0003308460480588516,0.0009419530549606741,1.0
1.33534,0.00033085260412248746,0.00094195961102431,1.0
1.3355199999999998,0.00033085915661130517,0.0009419661635131277,1.0
1.3357,0.0003308657055281606,0.0009419727124299831,1.0
1.33588,0.00033087225087603616,0.0009419792577778586,1.0
1.33606,0.0003308787926577739,0.0009419857995595964,1.0
1.33624,0.00033088533087631116,0.0009419923377781336,1.0
1.33642,0.00033089186553452983,0.0009419988724363523,1.0
1.3366,0.0003308983966353332,0.0009420054035371556,1.0
1.33678,0.0003309049241816171,0.0009420119310834396,1.0
1.33696,0.00033091144817628957,0.0009420184550781121,1.0
1.33714,0.00033091796862222633,0.0009420249755240488,1.0
1.33732,0.00033092448552228776,0.0009420314924241102,1.0
1.3375,0.00033093099887937516,0.0009420380057811976,1.0
1.33768,0.000330937508696402,0.0009420445155982244,1.0
1.33786,0.0003309440149761813,0.0009420510218780037,1.0
1.33804,0.0003309505177216063,0.0009420575246234287,1.0
1.33822,0.0003309570169355617,0.0009420640238373842,1.0
1.3384,0.000330963512620897,0.0009420705195227195,1.0
1.3385799999999999,0.00033097000478047483,0.0009420770116822973,1.0
1.33876,0.00033097649341718783,0.0009420835003190103,1.0
1.33894,0.0003309829785338356,0.0009420899854356581,1.0
1.3391199999999999,0.00033098946013332886,0.0009420964670351513,1.0
1.3393,0.0003309959382184508,0.0009421029451202733,1.0
1.33948,0.00033100241279212004,0.0009421094196939426,1.0
1.3396599999999999,0.00033100888385714165,0.0009421158907589641,1.0
1.33984,0.00033101535141637266,0.0009421223583181951,1.0
1.34002,0.00033102181547264425,0.0009421288223744667,1.0
1.3401999999999998,0.00033102827602878346,0.000942135282930606,1.0
1.3403800000000001,0.00033103473308763196,0.0009421417399894544,1.0
1.34056,0.000331041186652,0.0009421481935538226,1.0
1.3407399999999998,0.0003310476367247433,0.0009421546436265658,1.0
1.3409200000000001,0.00033105408330870505,0.0009421610902105276,1.0
1.3411,0.0003310605264066323,0.0009421675333084547,1.0
1.34128,0.0003310669660213715,0.000942173972923194,1.0
1.34146,0.0003310734021557665,0.0009421804090575889,1.0
1.34164,0.00033107983481261744,0.0009421868417144399,1.0
1.34182,0.000331086263994698,0.0009421932708965205,1.0
1.342,0.0003310926897048341,0.0009421996966066566,1.0
1.34218,0.00033109911194585776,0.0009422061188476803,1.0
1.34236,0.0003311055307205154,0.0009422125376223379,1.0
1.34254,0.00033111194603165485,0.0009422189529334773,1.0
1.34272,0.0003311183578820333,0.0009422253647838558,1.0
1.3429,0.0003311247662744561,0.0009422317731762786,1.0
1.34308,0.00033113117121169415,0.0009422381781135166,1.0
1.34326,0.000331137572696551,0.0009422445795983735,1.0
1.34344,0.000331143970731741,0.0009422509776335635,1.0
1.34362,0.00033115036532018914,0.0009422573722220116,1.0
1.3437999999999999,0.0003311567564645237,0.0009422637633663462,1.0
1.34398,0.00033116314416760243,0.0009422701510694249,1.0
1.34416,0.0003311695284321256,0.0009422765353339481,1.0
1.3443399999999999,0.0003311759092609195,0.000942282916162742,1.0
1.34452,0.0003311822866567434,0.0009422892935585659,1.0
1.3447,0.0003311886606223251,0.0009422956675241476,1.0
1.3448799999999999,0.0003311950311604297,0.0009423020380622522,1.0
1.34506,0.0003312013982738212,0.0009423084051756437,1.0
1.34524,0.00033120776196524077,0.0009423147688670632,1.0
1.3454199999999998,0.0003312141222374679,0.0009423211291392904,1.0
1.3456000000000001,0.0003312204790931957,0.0009423274859950182,1.0
1.34578,0.000331226832535223,0.0009423338394370455,1.0
1.3459599999999998,0.00033123318256624387,0.0009423401894680663,1.0
1.3461400000000001,0.0003312395291890156,0.0009423465360908381,1.0
1.34632,0.00033124587240626076,0.0009423528793080832,1.0
1.3464999999999998,0.0003312522122207332,0.0009423592191225556,1.0
1.34668,0.00033125854863513,0.0009423655555369525,1.0
1.34686,0.00033126488165222134,0.0009423718885540438,1.0
1.34704,0.00033127121127468634,0.0009423782181765088,1.0
1.34722,0.0003312775375052427,0.0009423845444070651,1.0
1.3474,0.0003312838603466328,0.0009423908672484553,1.0
1.34758,0.0003312901798015538,0.0009423971867033763,1.0
1.34776,0.0003312964958727471,0.0009424035027745696,1.0
1.34794,0.00033130280856286494,0.0009424098154646875,1.0
1.34812,0.0003313091178746441,0.0009424161247764666,1.0
1.3483,0.00033131542381080806,0.0009424224307126305,1.0
1.34848,0.0003313217263740117,0.0009424287332758342,1.0
1.34866,0.0003313280255669982,0.0009424350324688207,1.0
1.34884,0.0003313343213923861,0.0009424413282942086,1.0
1.3490199999999999,0.00033134061385293366,0.0009424476207547561,1.0
1.3492,0.0003313469029513444,0.0009424539098531669,1.0
1.34938,0.0003313531886902235,0.000942460195592046,1.0
1.3495599999999999,0.00033135947107234095,0.0009424664779741634,1.0
1.34974,0.0003313657501002775,0.0009424727570021,1.0
1.34992,0.00033137202577680313,0.0009424790326786256,1.0
1.3500999999999999,0.0003313782981045346,0.000942485305006357,1.0
1.35028,0.00033138456708616063,0.0009424915739879832,1.0
1.35046,0.00033139083272436866,0.0009424978396261911,1.0
1.3506399999999998,0.00033139709502177906,0.0009425041019236015,1.0
1.3508200000000001,0.0003314033539810917,0.0009425103608829142,1.0
1.351,0.0003314096096049573,0.0009425166165067798,1.0
1.3511799999999998,0.0003314158618960063,0.0009425228687978287,1.0
1.3513600000000001,0.000331422110856934,0.0009425291177587564,1.0
1.35154,0.0003314283564903754,0.0009425353633921978,1.0
1.3517199999999998,0.00033143459879894616,0.0009425416057007687,1.0
1.3519,0.00033144083778531834,0.0009425478446871408,1.0
1.35208,0.0003314470734521807,0.0009425540803540031,1.0
1.35226,0.00033145330580207827,0.0009425603127039008,1.0
1.35244,0.0003314595348377157,0.0009425665417395381,1.0
1.35262,0.000331465760561708,0.0009425727674635305,1.0
1.3528,0.00033147198297668167,0.0009425789898785042,1.0
1.35298,0.0003314782020852621,0.0009425852089870846,1.0
1.35316,0.000331484417890097,0.0009425914247919195,1.0
1.35334,0.0003314906303937896,0.0009425976372956121,1.0
1.35352,0.0003314968395989737,0.0009426038465007962,1.0
1.3537,0.00033150304550823393,0.0009426100524100564,1.0
1.35388,0.0003315092481242189,0.0009426162550260414,1.0
1.35406,0.0003315154474495481,0.0009426224543513706,1.0
1.3542399999999999,0.00033152164348681514,0.0009426286503886376,1.0
1.35442,0.00033152783623860194,0.0009426348431404244,1.0
1.3546,0.0003315340257075543,0.0009426410326093767,1.0
1.3547799999999999,0.00033154021189625105,0.0009426472187980735,1.0
1.35496,0.00033154639480730523,0.0009426534017091277,1.0
1.35514,0.00033155257444326166,0.0009426595813450841,1.0
1.3553199999999999,0.0003315587508067758,0.0009426657577085983,1.0
1.3555,0.0003315649239004256,0.0009426719308022481,1.0
1.35568,0.0003315710937267821,0.0009426781006286046,1.0
1.3558599999999998,0.00033157726028842195,0.0009426842671902444,1.0
1.3560400000000001,0.00033158342358795024,0.0009426904304897727,1.0
1.35622,0.0003315895836279354,0.0009426965905297579,1.0
1.3563999999999998,0.00033159574041094497,0.0009427027473127675,1.0
1.3565800000000001,0.0003316018939395684,0.0009427089008413909,1.0
1.35676,0.0003316080442163567,0.0009427150511181791,1.0
1.3569399999999998,0.0003316141912438995,0.0009427211981457219,1.0
1.35712,0.0003316203350247582,0.0009427273419265807,1.0
1.3573,0.00033162647556148983,0.0009427334824633123,1.0
1.35748,0.0003316326128566559,0.0009427396197584784,1.0
1.35766,0.00033163874691281376,0.0009427457538146362,1.0
1.35784,0.0003316448777325184,0.000942751884634341,1.0
1.35802,0.00033165100531832415,0.0009427580122201467,1.0
1.3582,0.00033165712967278446,0.0009427641365746069,1.0
1.35838,0.00033166325079842234,0.0009427702577002448,1.0
1.35856,0.0003316693686978235,0.000942776375599646,1.0
1.35874,0.0003316754833735136,0.000942782490275336,1.0
1.35892,0.00033168159482800755,0.00094278860172983,1.0
1.3591,0.00033168770306384764,0.0009427947099656701,1.0
1.35928,0.00033169380808357655,0.000942800814985399,1.0
1.35946,0.0003316999098897617,0.0009428069167915842,1.0
1.35964,0.0003317060084848627,0.0009428130153866852,1.0
1.35982,0.0003317121038714271,0.0009428191107732496,1.0
1.3599999999999999,0.00033171819605202986,0.0009428252029538523,1.0
1.36018,0.00033172428502913754,0.00094283129193096,1.0
1.36036,0.00033173037080525333,0.0009428373777070759,1.0
1.3605399999999999,0.0003317364533829629,0.0009428434602847854,1.0
1.36072,0.0003317425327647221,0.0009428495396665446,1.0
1.3609,0.0003317486089530281,0.0009428556158548507,1.0
1.3610799999999998,0.0003317546819504276,0.0009428616888522501,1.0
1.3612600000000001,0.0003317607517594388,0.0009428677586612612,1.0
1.36144,0.00033176681838249626,0.0009428738252843187,1.0
1.3616199999999998,0.0003317728818221747,0.0009428798887239972,1.0
1.3618000000000001,0.00033177894208094024,0.0009428859489827627,1.0
1.36198,0.00033178499916127087,0.0009428920060630934,1.0
1.3621599999999998,0.0003317910530656656,0.0009428980599674881,1.0
1.36234,0.00033179710379659864,0.0009429041106984212,1.0
1.36252,0.0003318031513566126,0.0009429101582584351,1.0
1.3627,0.0003318091957481503,0.0009429162026499728,1.0
1.36288,0.0003318152369736806,0.000942922243875503,1.0
1.36306,0.0003318212750357006,0.000942928281937523,1.0
1.36324,0.00033182730993668307,0.0009429343168385056,1.0
1.36342,0.00033183334167912127,0.0009429403485809438,1.0
1.3636,0.0003318393702654465,0.000942946377167269,1.0
1.36378,0.0003318453956981604,0.0009429524025999828,1.0
1.36396,0.0003318514179797126,0.0009429584248815352,1.0
1.36414,0.0003318574371126086,0.000942964444014431,1.0
1.36432,0.00033186345309921755,0.0009429704600010401,1.0
1.3645,0.0003318694659420805,0.000942976472843903,1.0
1.36468,0.00033187547564363134,0.0009429824825454539,1.0
1.36486,0.00033188148220628593,0.0009429884891081085,1.0
1.36504,0.00033188748563251706,0.0009429944925343395,1.0
1.3652199999999999,0.0003318934859248108,0.0009430004928266333,1.0
1.3654,0.0003318994830855519,0.0009430064899873744,1.0
1.36558,0.0003319054771172333,0.0009430124840190558,1.0
1.3657599999999999,0.00033191146802229773,0.0009430184749241202,1.0
1.36594,0.0003319174558031168,0.0009430244627049392,1.0
1.36612,0.00033192344046217945,0.0009430304473640019,1.0
1.3662999999999998,0.00033192942200193254,0.000943036428903755,1.0
1.3664800000000001,0.0003319354004247515,0.000943042407326574,1.0
1.36666,0.0003319413757331241,0.0009430483826349467,1.0
1.3668399999999998,0.00033194734792941214,0.0009430543548312346,1.0
1.3670200000000001,0.00033195331701610896,0.0009430603239179314,1.0
1.3672,0.0003319592829955646,0.0009430662898973871,1.0
1.3673799999999998,0.0003319652458702469,0.0009430722527720694,1.0
1.36756,0.0003319712056425432,0.0009430782125443658,1.0
1.36774,0.00033197716231487797,0.0009430841692167004,1.0
1.36792,0.0003319831158896931,0.0009430901227915156,1.0
1.3681,0.0003319890663693272,0.0009430960732711497,1.0
1.36828,0.00033199501375623446,0.000943102020658057,1.0
1.36846,0.00033200095805280174,0.0009431079649546242,1.0
1.36864,0.00033200689926143727,0.0009431139061632598,1.0
1.36882,0.0003320128373845207,0.0009431198442863432,1.0
1.369,0.0003320187724244669,0.0009431257793262894,1.0
1.36918,0.00033202470438368445,0.0009431317112855069,1.0
1.36936,0.00033203063326451475,0.0009431376401663372,1.0
1.36954,0.0003320365590693893,0.0009431435659712118,1.0
1.36972,0.0003320424818006543,0.0009431494887024768,1.0
1.3699,0.00033204840146074154,0.000943155408362564,1.0
1.37008,0.0003320543180519956,0.0009431613249538181,1.0
1.37026,0.0003320602315768024,0.0009431672384786248,1.0
1.3704399999999999,0.0003320661420375253,0.0009431731489393478,1.0
1.37062,0.00033207204943656177,0.0009431790563383842,1.0
1.3708,0.00033207795377626897,0.0009431849606780915,1.0
1.3709799999999999,0.00033208385505903865,0.0009431908619608612,1.0
1.37116,0.00033208975328721216,0.0009431967601890346,1.0
1.37134,0.00033209564846312583,0.0009432026553649483,1.0
1.3715199999999999,0.00033210154058922184,0.0009432085474910443,1.0
1.3717,0.0003321074296677585,0.000943214436569581,1.0
1.37188,0.00033211331570117016,0.0009432203226029926,1.0
1.3720599999999998,0.00033211919869178733,0.0009432262055936098,1.0
1.3722400000000001,0.0003321250786419413,0.0009432320855437637,1.0
1.37242,0.000332130955554006,0.0009432379624558286,1.0
1.3725999999999998,0.00033213682943031644,0.0009432438363321389,1.0
1.3727800000000001,0.0003321427002732222,0.0009432497071750446,1.0
1.37296,0.0003321485680850449,0.0009432555749868674,1.0
1.37314,0.0003321544328681693,0.0009432614397699918,1.0
1.37332,0.00033216029462485985,0.0009432673015266823,1.0
1.3735,0.00033216615335753474,0.0009432731602593572,1.0
1.37368,0.0003321720090684465,0.0009432790159702689,1.0
1.37386,0.0003321778617600206,0.0009432848686618432,1.0
1.37404,0.00033218371143449666,0.0009432907183363191,1.0
1.37422,0.00033218955809423086,0.0009432965649960533,1.0
1.3744,0.0003321954017415345,0.000943302408643357,1.0
1.37458,0.00033220124237876426,0.0009433082492805867,1.0
1.37476,0.00033220708000821674,0.0009433140869100393,1.0
1.37494,0.00033221291463217395,0.0009433199215339964,1.0
1.37512,0.0003322187462529936,0.0009433257531548161,1.0
1.3753,0.00033222457487296634,0.0009433315817747889,1.0
1.37548,0.0003322304004944124,0.0009433374073962348,1.0
1.3756599999999999,0.0003322362231196178,0.0009433432300214403,1.0
1.37584,0.00033224204275091436,0.0009433490496527368,1.0
1.37602,0.0003322478593905738,0.0009433548662923963,1.0
1.3761999999999999,0.00033225367304092325,0.0009433606799427457,1.0
1.37638,0.0003322594837042217,0.0009433664906060442,1.0
1.37656,0.0003322652913827942,0.0009433722982846167,1.0
1.3767399999999999,0.0003322710960789353,0.0009433781029807577,1.0
1.37692,0.0003322768977949261,0.0009433839046967486,1.0
1.3771,0.00033228269653305973,0.0009433897034348822,1.0
1.3772799999999998,0.0003322884922955917,0.0009433954991974142,1.0
1.3774600000000001,0.0003322942850848335,0.000943401291986656,1.0
1.37764,0.00033230007490306894,0.0009434070818048915,1.0
1.3778199999999998,0.00033230586175255346,0.0009434128686543759,1.0
1.3780000000000001,0.00033231164563558163,0.0009434186525374041,1.0
1.37818,0.00033231742655439716,0.0009434244334562197,1.0
1.3783599999999998,0.00033232320451131775,0.0009434302114131402,1.0
1.37854,0.0003323289795085835,0.000943435986410406,1.0
1.37872,0.0003323347515484474,0.0009434417584502699,1.0
1.3789,0.0003323405206332148,0.0009434475275350373,1.0
1.37908,0.0003323462867651204,0.0009434532936669429,1.0
1.37926,0.00033235204994640585,0.0009434590568482284,1.0
1.37944,0.000332357810179355,0.0009434648170811774,1.0
1.37962,0.0003323635674662314,0.0009434705743680538,1.0
1.3798,0.0003323693218092833,0.0009434763287111058,1.0
1.37998,0.0003323750732107141,0.0009434820801125367,1.0
1.38016,0.0003323808216728088,0.0009434878285746312,1.0
1.38034,0.000332386567197818,0.0009434935740996405,1.0
1.38052,0.0003323923097879945,0.0009434993166898169,1.0
1.3807,0.0003323980494455641,0.0009435050563473866,1.0
1.3808799999999999,0.00033240378617274956,0.000943510793074572,1.0
1.38106,0.0003324095199718388,0.0009435165268736613,1.0
1.38124,0.0003324152508449884,0.0009435222577468109,1.0
1.3814199999999999,0.0003324209787945133,0.0009435279856963357,1.0
1.3816,0.0003324267038225614,0.000943533710724384,1.0
1.38178,0.0003324324259314067,0.0009435394328332292,1.0
1.3819599999999999,0.0003324381451232834,0.0009435451520251059,1.0
1.38214,0.00033244386140041554,0.0009435508683022381,1.0
1.38232,0.0003324495747649773,0.0009435565816667998,1.0
1.3824999999999998,0.000332455285219265,0.0009435622921210875,1.0
1.3826800000000001,0.00033246099276539195,0.0009435679996672144,1.0
1.38286,0.0003324666974056596,0.0009435737043074821,1.0
1.3830399999999998,0.00033247239914225034,0.0009435794060440729,1.0
1.3832200000000001,0.0003324780979773579,0.0009435851048791805,1.0
1.3834,0.00033248379391320217,0.0009435908008150247,1.0
1.3835799999999998,0.00033248948695200806,0.0009435964938538305,1.0
1.38376,0.00033249517709593176,0.0009436021839977543,1.0
1.38394,0.000332500864347229,0.0009436078712490515,1.0
1.38412,0.00033250654870807425,0.0009436135556098967,1.0
1.3843,0.00033251223018064037,0.0009436192370824629,1.0
1.38448,0.00033251790876715116,0.0009436249156689737,1.0
1.38466,0.00033252358446980387,0.0009436305913716264,1.0
1.38484,0.00033252925729074863,0.0009436362641925711,1.0
1.38502,0.0003325349272322039,0.0009436419341340264,1.0
1.3852,0.00033254059429634845,0.0009436476011981709,1.0
1.38538,0.0003325462584853788,0.0009436532653872013,1.0
1.38556,0.0003325519198014399,0.0009436589267032624,1.0
1.38574,0.0003325575782467569,0.0009436645851485794,1.0
1.38592,0.0003325632338234632,0.0009436702407252857,1.0
1.3860999999999999,0.00033256888653374907,0.0009436758934355716,1.0
1.38628,0.00033257453637978556,0.0009436815432816081,1.0
1.38646,0.00033258018336376673,0.0009436871902655892,1.0
1.3866399999999999,0.0003325858274878281,0.0009436928343896506,1.0
1.38682,0.0003325914687541557,0.0009436984756559781,1.0
1.387,0.0003325971071648887,0.0009437041140667112,1.0
1.3871799999999999,0.00033260274272220246,0.000943709749624025,1.0
1.38736,0.0003326083754282656,0.0009437153823300881,1.0
1.38754,0.00033261400528521883,0.0009437210121870413,1.0
1.3877199999999998,0.0003326196322952187,0.0009437266391970412,1.0
1.3879000000000001,0.00033262525646040757,0.0009437322633622301,1.0
1.38808,0.00033263087778295444,0.0009437378846847769,1.0
1.3882599999999998,0.0003326364962650136,0.000943743503166836,1.0
1.3884400000000001,0.00033264211190871414,0.0009437491188105366,1.0
1.38862,0.0003326477247162258,0.0009437547316180483,1.0
1.3887999999999998,0.00033265333468965715,0.0009437603415914796,1.0
1.38898,0.00033265894183114893,0.0009437659487329714,1.0
1.38916,0.00033266454614287754,0.0009437715530447,1.0
1.38934,0.0003326701476268861,0.0009437771545287086,1.0
1.38952,0.0003326757462854335,0.000943782753187256,1.0
1.3897,0.00033268134212056125,0.0009437883490223838,1.0
1.38988,0.0003326869351344251,0.0009437939420362476,1.0
1.39006,0.0003326925253291876,0.0009437995322310101,1.0
1.39024,0.0003326981127068973,0.0009438051196087198,1.0
1.39042,0.0003327036972697185,0.000943810704171541,1.0
1.3906,0.0003327092790197836,0.0009438162859216062,1.0
1.39078,0.00033271485795919686,0.0009438218648610194,1.0
1.39096,0.00033272043409005725,0.0009438274409918797,1.0
1.39114,0.00033272600741451056,0.0009438330143163331,1.0
1.39132,0.00033273157793465945,0.000943838584836482,1.0
1.3915,0.0003327371456525918,0.0009438441525544143,1.0
1.39168,0.0003327427105704419,0.0009438497174722644,1.0
1.3918599999999999,0.00033274827269029727,0.0009438552795921198,1.0
1.39204,0.00033275383201427917,0.0009438608389161017,1.0
1.39222,0.0003327593885444605,0.0009438663954462829,1.0
1.3923999999999999,0.00033276494228297245,0.000943871949184795,1.0
1.39258,0.00033277049323188765,0.0009438775001337101,1.0
1.39276,0.000332776041393308,0.0009438830482951304,1.0
1.3929399999999998,0.0003327815867693306,0.0009438885936711531,1.0
1.3931200000000001,0.0003327871293620633,0.0009438941362638858,1.0
1.3933,0.0003327926691735679,0.0009438996760753903,1.0
1.3934799999999998,0.00033279820620591354,0.000943905213107736,1.0
1.3936600000000001,0.00033280374046124544,0.000943910747363068,1.0
1.39384,0.00033280927194157336,0.0009439162788433958,1.0
1.3940199999999998,0.0003328148006490399,0.0009439218075508625,1.0
1.3942,0.0003328203265856813,0.0009439273334875038,1.0
1.39438,0.0003328258497535993,0.0009439328566554218,1.0
1.39456,0.0003328313701548586,0.0009439383770566811,1.0
1.39474,0.0003328368877915179,0.0009439438946933404,1.0
1.39492,0.00033284240266568587,0.0009439494095675083,1.0
1.3951,0.0003328479147793991,0.0009439549216812216,1.0
1.39528,0.0003328534241347244,0.0009439604310365469,1.0
1.39546,0.0003328589307337489,0.0009439659376355714,1.0
1.39564,0.000332864434578482,0.0009439714414803045,1.0
1.39582,0.00033286993567103876,0.0009439769425728613,1.0
1.396,0.0003328754340134473,0.0009439824409152698,1.0
1.39618,0.0003328809296077949,0.0009439879365096173,1.0
1.39636,0.0003328864224560734,0.0009439934293578959,1.0
1.39654,0.0003328919125603943,0.0009439989194622168,1.0
1.39672,0.00033289739992279727,0.0009440044068246198,1.0
1.3969,0.00033290288454530917,0.0009440098914471316,1.0
1.3970799999999999,0.00033290836642996946,0.000944015373331792,1.0
1.39726,0.00033291384557887054,0.0009440208524806931,1.0
1.39744,0.00033291932199400133,0.0009440263288958238,1.0
1.3976199999999999,0.00033292479567740836,0.0009440318025792308,1.0
1.3978,0.0003329302666311466,0.0009440372735329691,1.0
1.39798,0.0003329357348572477,0.0009440427417590702,1.0
1.3981599999999998,0.0003329412003577363,0.0009440482072595588,1.0
1.39834,0.0003329466631346645,0.000944053670036487,1.0
1.39852,0.000332952123190035,0.0009440591300918576,1.0
1.3986999999999998,0.0003329575805258895,0.000944064587427712,1.0
1.3988800000000001,0.00033296303514424914,0.0009440700420460717,1.0
1.39906,0.00033296848704714144,0.0009440754939489639,1.0
1.3992399999999998,0.0003329739362366055,0.000944080943138428,1.0
1.39942,0.00033297938271461283,0.0009440863896164353,1.0
1.3996,0.0003329848264832396,0.0009440918333850621,1.0
1.39978,0.0003329902675444122,0.0009440972744462347,1.0
1.39996,0.0003329957059002484,0.0009441027128020709,1.0
1.40014,0.00033300114155268795,0.0009441081484545104,1.0
1.40032,0.00033300657450379567,0.0009441135814056182,1.0
1.4005,0.0003330120047555023,0.0009441190116573248,1.0
1.40068,0.0003330174323098894,0.0009441244392117119,1.0
1.40086,0.00033302285716891114,0.0009441298640707336,1.0
1.40104,0.00033302827933460376,0.0009441352862364263,1.0
1.40122,0.0003330336988089402,0.0009441407057107626,1.0
1.4014,0.00033303911559393897,0.0009441461224957615,1.0
1.40158,0.0003330445296915627,0.0009441515365933852,1.0
1.40176,0.0003330499411038572,0.0009441569480056796,1.0
1.40194,0.0003330553498327393,0.0009441623567345617,1.0
1.40212,0.0003330607558802836,0.000944167762782106,1.0
1.4022999999999999,0.00033306615924840924,0.0009441731661502318,1.0
1.40248,0.000333071559939144,0.0009441785668409665,1.0
1.40266,0.0003330769579544725,0.000944183964856295,1.0
1.4028399999999999,0.0003330823532963227,0.0009441893601981452,1.0
1.40302,0.0003330877459667226,0.000944194752868545,1.0
1.4032,0.0003330931359676592,0.0009442001428694817,1.0
1.4033799999999998,0.00033309852330107477,0.0009442055302028973,1.0
1.40356,0.00033310390796894174,0.0009442109148707642,1.0
1.40374,0.00033310928997327667,0.0009442162968750992,1.0
1.4039199999999998,0.00033311466931601214,0.0009442216762178346,1.0
1.4041000000000001,0.0003331200459991285,0.0009442270529009509,1.0
1.40428,0.0003331254200245588,0.0009442324269263813,1.0
1.4044599999999998,0.0003331307913943307,0.0009442377982961533,1.0
1.40464,0.0003331361601103665,0.000944243167012189,1.0
1.40482,0.0003331415261746154,0.0009442485330764379,1.0
1.4049999999999998,0.00033314688958904857,0.0009442538964908711,1.0
1.40518,0.000333152250355653,0.0009442592572574755,1.0
1.40536,0.00033315760847634916,0.0009442646153781716,1.0
1.40554,0.0003331629639530903,0.0009442699708549127,1.0
1.40572,0.0003331683167878333,0.0009442753236896558,1.0
1.4059,0.0003331736669825289,0.0009442806738843513,1.0
1.40608,0.0003331790145391234,0.0009442860214409459,1.0
1.40626,0.00033318435945956567,0.0009442913663613882,1.0
1.40644,0.0003331897017458278,0.0009442967086476503,1.0
1.40662,0.00033319504139978876,0.0009443020483016112,1.0
1.4068,0.00033320037842337366,0.0009443073853251961,1.0
1.40698,0.0003332057128186171,0.0009443127197204396,1.0
1.40716,0.0003332110445874006,0.000944318051489223,1.0
1.40734,0.0003332163737316327,0.0009443233806334553,1.0
1.4075199999999999,0.0003332217002532915,0.000944328707155114,1.0
1.4077,0.00033322702415428454,0.000944334031056107,1.0
1.40788,0.00033323234543654437,0.0009443393523383668,1.0
1.4080599999999999,0.00033323766410197275,0.0009443446710037952,1.0
1.40824,0.00033324298015255605,0.0009443499870543785,1.0
1.40842,0.00033324829359013394,0.0009443553004919564,1.0
1.4085999999999999,0.0003332536044166775,0.0009443606113184999,1.0
1.40878,0.00033325891263412703,0.0009443659195359495,1.0
1.40896,0.00033326421824433585,0.0009443712251461583,1.0
1.4091399999999998,0.00033326952124925814,0.0009443765281510806,1.0
1.4093200000000001,0.00033327482165082365,0.0009443818285526462,1.0
1.4095,0.00033328011945089577,0.0009443871263527183,1.0
1.4096799999999998,0.0003332854146514009,0.0009443924215532234,1.0
1.4098600000000001,0.0003332907072542582,0.0009443977141560807,1.0
1.41004,0.0003332959972614058,0.0009444030041632283,1.0
1.4102199999999998,0.00033330128467467043,0.0009444082915764929,1.0
1.4104,0.0003333065694960074,0.0009444135763978299,1.0
1.41058,0.00033331185172730585,0.0009444188586291283,1.0
1.41076,0.00033331713137046184,0.0009444241382722844,1.0
1.41094,0.00033332240842737546,0.000944429415329198,1.0
1.41112,0.00033332768289991686,0.0009444346898017393,1.0
1.4113,0.00033333295479001174,0.0009444399616918343,1.0
1.41148,0.0003333382240995215,0.0009444452310013441,1.0
1.41166,0.0003333434908303919,0.0009444504977322144,1.0
1.41184,0.0003333487549844387,0.0009444557618862612,1.0
1.41202,0.00033335401656356384,0.0009444610234653863,1.0
1.4122,0.0003333592755696878,0.0009444662824715103,1.0
1.41238,0.00033336453200467567,0.0009444715389064981,1.0
1.41256,0.00033336978587036984,0.0009444767927721924,1.0
1.4127399999999999,0.0003333750371686946,0.0009444820440705172,1.0
1.41292,0.0003333802859015333,0.0009444872928033557,1.0
1.4131,0.00033338553207071085,0.0009444925389725334,1.0
1.4132799999999999,0.0003333907756781258,0.0009444977825799483,1.0
1.41346,0.0003333960167256792,0.0009445030236275016,1.0
1.41364,0.00033340125521515336,0.0009445082621169758,1.0
1.4138199999999999,0.0003334064911485124,0.0009445134980503348,1.0
1.414,0.0003334117245275686,0.0009445187314293911,1.0
1.41418,0.00033341695535419284,0.0009445239622560154,1.0
1.4143599999999998,0.0003334221836302849,0.0009445291905321074,1.0
1.4145400000000001,0.00033342740935762724,0.0009445344162594498,1.0
1.41472,0.00033343263253812386,0.0009445396394399464,1.0
1.4148999999999998,0.0003334378531736479,0.0009445448600754703,1.0
1.4150800000000001,0.00033344307126601186,0.0009445500781678343,1.0
1.41526,0.0003334482868171038,0.0009445552937189263,1.0
1.4154399999999998,0.0003334534998287481,0.0009445605067305706,1.0
1.41562,0.0003334587103028385,0.000944565717204661,1.0
1.4158,0.00033346391824115915,0.0009445709251429816,1.0
1.41598,0.0003334691236456112,0.0009445761305474337,1.0
1.41616,0.00033347432651800025,0.0009445813334198227,1.0
1.41634,0.0003334795268601606,0.000944586533761983,1.0
1.41652,0.0003334847246739731,0.0009445917315757957,1.0
1.4167,0.00033348991996127173,0.0009445969268630942,1.0
1.41688,0.0003334951127238305,0.000944602119625653,1.0
1.41706,0.0003335003029635838,0.0009446073098654062,1.0
1.41724,0.00033350549068229205,0.0009446124975841146,1.0
1.41742,0.00033351067588180264,0.0009446176827836251,1.0
1.4176,0.0003335158585639549,0.0009446228654657774,1.0
1.41778,0.00033352103873055276,0.0009446280456323752,1.0
1.4179599999999999,0.00033352621638343033,0.0009446332232852528,1.0
1.41814,0.0003335313915244214,0.0009446383984262439,1.0
1.41832,0.0003335365641554094,0.0009446435710572319,1.0
1.4184999999999999,0.0003335417342780703,0.0009446487411798928,1.0
1.41868,0.0003335469018943557,0.0009446539087961782,1.0
1.41886,0.00033355206700604354,0.000944659073907866,1.0
1.4190399999999999,0.0003335572296149088,0.0009446642365167313,1.0
1.41922,0.0003335623897227858,0.0009446693966246084,1.0
1.4194,0.0003335675473315191,0.0009446745542333416,1.0
1.4195799999999998,0.0003335727024428679,0.0009446797093446903,1.0
1.4197600000000001,0.0003335778550586913,0.0009446848619605138,1.0
1.41994,0.0003335830051807849,0.0009446900120826075,1.0
1.4201199999999998,0.0003335881528108954,0.0009446951597127178,1.0
1.4203000000000001,0.0003335932979508899,0.0009447003048527124,1.0
1.42048,0.00033359844060256295,0.0009447054475043854,1.0
1.4206599999999998,0.0003336035807676964,0.0009447105876695188,1.0
1.42084,0.0003336087184480678,0.0009447157253498902,1.0
1.42102,0.00033361385364553275,0.0009447208605473552,1.0
1.4212,0.0003336189863618736,0.0009447259932636961,1.0
1.42138,0.0003336241165988153,0.0009447311235006378,1.0
1.42156,0.0003336292443582153,0.0009447362512600378,1.0
1.42174,0.0003336343696418331,0.0009447413765436557,1.0
1.42192,0.0003336394924514596,0.000944746499353282,1.0
1.4221,0.00033364461278891165,0.0009447516196907341,1.0
1.42228,0.0003336497306559309,0.0009447567375577533,1.0
1.42246,0.00033365484605433034,0.0009447618529561529,1.0
1.42264,0.00033365995898587117,0.0009447669658876937,1.0
1.42282,0.0003336650694523593,0.0009447720763541818,1.0
1.423,0.00033367017745552016,0.0009447771843573427,1.0
1.42318,0.00033367528299717606,0.0009447822898989986,1.0
1.42336,0.00033368038607907555,0.000944787392980898,1.0
1.42354,0.00033368548670304756,0.00094479249360487,1.0
1.4237199999999999,0.00033369058487076015,0.0009447975917725826,1.0
1.4239,0.0003336956805840747,0.0009448026874858972,1.0
1.42408,0.00033370077384468953,0.000944807780746512,1.0
1.4242599999999999,0.0003337058646544452,0.0009448128715562676,1.0
1.42444,0.00033371095301502586,0.0009448179599168484,1.0
1.42462,0.0003337160389282635,0.000944823045830086,1.0
1.4247999999999998,0.00033372112239584025,0.0009448281292976627,1.0
1.42498,0.00033372620341959823,0.0009448332103214207,1.0
1.42516,0.0003337312820012564,0.0009448382889030789,1.0
1.4253399999999998,0.00033373635814253907,0.0009448433650443616,1.0
1.4255200000000001,0.00033374143184526,0.0009448484387470825,1.0
1.4257,0.0003337465031111377,0.0009448535100129602,1.0
1.4258799999999998,0.0003337515719419195,0.0009448585788437421,1.0
1.42606,0.0003337566383393746,0.0009448636452411971,1.0
1.42624,0.00033376170230523764,0.0009448687092070601,1.0
1.42642,0.000333766763841229,0.0009448737707430516,1.0
1.4266,0.00033377182294914846,0.0009448788298509709,1.0
1.42678,0.0003337768796306976,0.00094488388653252,1.0
1.42696,0.0003337819338876019,0.0009448889407894244,1.0
1.42714,0.00033378698572165315,0.0009448939926234756,1.0
1.42732,0.0003337920351345442,0.0009448990420363667,1.0
1.4275,0.0003337970821280089,0.0009449040890298314,1.0
1.42768,0.0003338021267038341,0.0009449091336056566,1.0
1.42786,0.0003338071688636943,0.0009449141757655168,1.0
1.42804,0.00033381220860932026,0.0009449192155111428,1.0
1.42822,0.00033381724594251644,0.000944924252844339,1.0
1.4284,0.0003338222808649032,0.0009449292877667258,1.0
1.42858,0.0003338273133782999,0.0009449343202801224,1.0
1.42876,0.0003338323434843419,0.0009449393503861644,1.0
1.4289399999999999,0.0003338373711847993,0.0009449443780866218,1.0
1.42912,0.0003338423964814228,0.0009449494033832453,1.0
1.4293,0.00033384741937588224,0.0009449544262777048,1.0
1.4294799999999999,0.0003338524398699093,0.0009449594467717318,1.0
1.42966,0.00033385745796523687,0.0009449644648670593,1.0
1.42984,0.0003338624736635473,0.0009449694805653698,1.0
1.4300199999999998,0.00033386748696657287,0.0009449744938683953,1.0
1.4302,0.00033387249787603486,0.0009449795047778574,1.0
1.43038,0.0003338775063936001,0.0009449845132954226,1.0
1.4305599999999998,0.00033388251252105644,0.0009449895194228789,1.0
1.4307400000000001,0.00033388751626001314,0.0009449945231618357,1.0
1.43092,0.00033389251761222307,0.0009449995245140456,1.0
1.4310999999999998,0.0003338975165794054,0.0009450045234812279,1.0
1.43128,0.00033390251316321924,0.0009450095200650417,1.0
1.43146,0.0003339075073653709,0.0009450145142671934,1.0
1.4316399999999998,0.0003339124991876103,0.0009450195060894328,1.0
1.43182,0.0003339174886315643,0.0009450244955333867,1.0
1.432,0.0003339224756989908,0.0009450294826008133,1.0
1.43218,0.00033392746039153683,0.0009450344672933594,1.0
1.43236,0.0003339324427109132,0.0009450394496127357,1.0
1.43254,0.000333937422658791,0.0009450444295606136,1.0
1.43272,0.00033394240023687505,0.0009450494071386975,1.0
1.4329,0.0003339473754468741,0.0009450543823486966,1.0
1.43308,0.0003339523482904322,0.0009450593551922547,1.0
1.43326,0.00033395731876924946,0.0009450643256710719,1.0
1.43344,0.0003339622868849956,0.0009450692937868181,1.0
1.43362,0.0003339672526393579,0.0009450742595411804,1.0
1.4338,0.00033397221603403726,0.0009450792229358598,1.0
1.43398,0.00033397717707066586,0.0009450841839724884,1.0
1.4341599999999999,0.0003339821357509866,0.0009450891426528091,1.0
1.43434,0.0003339870920766094,0.0009450940989784318,1.0
1.43452,0.00033399204604925715,0.0009450990529510796,1.0
1.4346999999999999,0.0003339969976705246,0.0009451040045723471,1.0
1.43488,0.0003340019469421646,0.0009451089538439871,1.0
1.43506,0.00033400689386579743,0.0009451139007676199,1.0
1.4352399999999998,0.00033401183844311436,0.0009451188453449368,1.0
1.43542,0.00033401678067575236,0.0009451237875775748,1.0
1.4356,0.00033402172056539435,0.0009451287274672168,1.0
1.4357799999999998,0.00033402665811367967,0.0009451336650155022,1.0
1.4359600000000001,0.0003340315933223108,0.0009451386002241333,1.0
1.43614,0.00033403652619290794,0.0009451435330947304,1.0
1.4363199999999998,0.0003340414567271474,0.0009451484636289699,1.0
1.4365,0.00033404638492665143,0.000945153391828474,1.0
1.43668,0.0003340513107931376,0.0009451583176949602,1.0
1.4368599999999998,0.0003340562343281752,0.0009451632412299977,1.0
1.43704,0.0003340611555334668,0.0009451681624352893,1.0
1.43722,0.0003340660744106851,0.0009451730813125076,1.0
1.4374,0.00033407099096139866,0.0009451779978632212,1.0
1.43758,0.00033407590518732633,0.0009451829120891488,1.0
1.43776,0.0003340808170900884,0.0009451878239919108,1.0
1.43794,0.0003340857266713123,0.0009451927335731348,1.0
1.43812,0.000334090633932661,0.0009451976408344835,1.0
1.4383,0.0003340955388757573,0.0009452025457775798,1.0
1.43848,0.0003341004415022344,0.0009452074484040569,1.0
1.43866,0.00033410534181376345,0.0009452123487155859,1.0
1.43884,0.00033411023981192806,0.0009452172467137505,1.0
1.43902,0.00033411513549841686,0.0009452221424002393,1.0
1.4392,0.0003341200288748184,0.0009452270357766409,1.0
1.4393799999999999,0.00033412491994276166,0.0009452319268445841,1.0
1.43956,0.0003341298087039344,0.0009452368156057569,1.0
1.43974,0.00033413469515989236,0.0009452417020617148,1.0
1.4399199999999999,0.0003341395793122998,0.0009452465862141222,1.0
1.4401,0.0003341444611627632,0.0009452514680645856,1.0
1.44028,0.0003341493407129244,0.0009452563476147469,1.0
1.4404599999999999,0.0003341542179643901,0.0009452612248662126,1.0
1.44064,0.00033415909291880616,0.0009452660998206287,1.0
1.44082,0.000334163965577734,0.0009452709724795565,1.0
1.4409999999999998,0.0003341688359428372,0.0009452758428446597,1.0
1.4411800000000001,0.0003341737040157273,0.0009452807109175498,1.0
1.44136,0.00033417856979800443,0.0009452855766998269,1.0
1.4415399999999998,0.00033418343329126625,0.0009452904401930887,1.0
1.4417200000000001,0.00033418829449717797,0.0009452953013990005,1.0
1.4419,0.00033419315341729145,0.0009453001603191139,1.0
1.4420799999999998,0.00033419801005323755,0.00094530501695506,1.0
1.44226,0.00033420286440661353,0.0009453098713084361,1.0
1.44244,0.0003342077164790486,0.0009453147233808711,1.0
1.44262,0.00033421256627212096,0.0009453195731739434,1.0
1.4428,0.0003342174137874214,0.0009453244206892438,1.0
1.44298,0.0003342222590265636,0.000945329265928386,1.0
1.44316,0.00033422710199118013,0.0009453341088930026,1.0
1.44334,0.00033423194268284134,0.0009453389495846638,1.0
1.44352,0.00033423678110313136,0.0009453437880049538,1.0
1.4437,0.00033424161725364234,0.0009453486241554649,1.0
1.44388,0.00033424645113599234,0.0009453534580378148,1.0
1.44406,0.0003342512827517343,0.0009453582896535568,1.0
1.44424,0.0003342561121024899,0.0009453631190043123,1.0
1.44442,0.00033426093918985557,0.000945367946091678,1.0
1.4445999999999999,0.000334265764015383,0.0009453727709172055,1.0
1.44478,0.0003342705865806787,0.0009453775934825012,1.0
1.44496,0.00033427540688733067,0.0009453824137891532,1.0
1.4451399999999999,0.000334280224936914,0.0009453872318387365,1.0
1.44532,0.00033428504073098323,0.0009453920476328057,1.0
1.4455,0.0003342898542711418,0.0009453968611729644,1.0
1.4456799999999999,0.0003342946655590062,0.0009454016724608287,1.0
1.44586,0.00033429947459609287,0.0009454064814979153,1.0
1.44604,0.0003343042813840092,0.0009454112882858317,1.0
1.4462199999999998,0.00033430908592431294,0.0009454160928261354,1.0
1.4464000000000001,0.00033431388821858054,0.000945420895120403,1.0
1.44658,0.0003343186882683832,0.0009454256951702056,1.0
1.4467599999999998,0.00033432348607531984,0.0009454304929771423,1.0
1.4469400000000001,0.0003343282816408882,0.0009454352885427107,1.0
1.44712,0.00033433307496670317,0.0009454400818685257,1.0
1.4472999999999998,0.0003343378660543313,0.0009454448729561538,1.0
1.44748,0.0003343426549053095,0.000945449661807132,1.0
1.44766,0.00033434744152121914,0.0009454544484230416,1.0
1.44784,0.00033435222590363494,0.0009454592328054575,1.0
1.44802,0.0003343570080541,0.0009454640149559225,1.0
1.4482,0.0003343617879741491,0.0009454687948759716,1.0
1.44838,0.0003343665656653689,0.0009454735725671914,1.0
1.44856,0.00033437134112931005,0.0009454783480311326,1.0
1.44874,0.0003343761143674945,0.000945483121269317,1.0
1.44892,0.00033438088538152234,0.0009454878922833448,1.0
1.4491,0.0003343856541729415,0.000945492661074764,1.0
1.44928,0.00033439042074321246,0.000945497427645035,1.0
1.44946,0.0003343951850939968,0.0009455021919958193,1.0
1.44964,0.0003343999472268043,0.0009455069541286268,1.0
1.4498199999999999,0.0003344047071431233,0.0009455117140449458,1.0
1.45,0.0003344094648445813,0.0009455164717464039,1.0
